-- =============================================================================
-- Reloquent Trial Mode: Pagila Sample Data
-- =============================================================================

-- ---------------------------------------------------------------------------
-- Actors (200 rows)
-- ---------------------------------------------------------------------------

INSERT INTO actor (first_name, last_name) VALUES
('PENELOPE', 'GUINESS'),
('NICK', 'WAHLBERG'),
('ED', 'CHASE'),
('JENNIFER', 'DAVIS'),
('JOHNNY', 'LOLLOBRIGIDA'),
('BETTE', 'NICHOLSON'),
('GRACE', 'MOSTEL'),
('MATTHEW', 'JOHANSSON'),
('JOE', 'SWANK'),
('CHRISTIAN', 'GABLE'),
('ZERO', 'CAGE'),
('KARL', 'BERRY'),
('UMA', 'WOOD'),
('VIVIEN', 'BERGEN'),
('CUBA', 'OLIVIER'),
('FRED', 'COSTNER'),
('HELEN', 'VOIGHT'),
('DAN', 'TORN'),
('BOB', 'FAWCETT'),
('LUCILLE', 'TRACY'),
('KIRSTEN', 'PALTROW'),
('ELVIS', 'MARX'),
('SANDRA', 'KILMER'),
('CAMERON', 'STREEP'),
('KEVIN', 'BLOOM'),
('RIP', 'CRAWFORD'),
('JULIA', 'MCQUEEN'),
('WOODY', 'HOFFMAN'),
('ALEC', 'WAYNE'),
('SANDRA', 'PECK'),
('SISSY', 'SOBIESKI'),
('TIM', 'HACKMAN'),
('MILLA', 'PECK'),
('AUDREY', 'OLIVIER'),
('JUDY', 'DEAN'),
('BURT', 'DUKAKIS'),
('VAL', 'BOLGER'),
('TOM', 'MCKELLEN'),
('GOLDIE', 'BRODY'),
('JOHNNY', 'CAGE'),
('JODIE', 'DEGENERES'),
('TOM', 'MIRANDA'),
('KIRK', 'JOVOVICH'),
('NICK', 'STALLONE'),
('REESE', 'KILMER'),
('PARKER', 'GOLDBERG'),
('JULIA', 'BARRYMORE'),
('FRANCES', 'DAY-LEWIS'),
('ANNE', 'CRONYN'),
('NATALIE', 'HOPKINS'),
('GARY', 'PHOENIX'),
('CARMEN', 'HUNT'),
('MENA', 'TEMPLE'),
('PENELOPE', 'PINKETT'),
('FAY', 'KILMER'),
('DAN', 'HARRIS'),
('JUDE', 'CRUISE'),
('CHRISTIAN', 'AKROYD'),
('DUSTIN', 'TAUTOU'),
('HENRY', 'BERRY'),
('CHRIS', 'DEPP'),
('BOB', 'MOOREHEAD'),
('CAMERON', 'WRAY'),
('RAY', 'JOHANSSON'),
('ANGELA', 'HUDSON'),
('MARY', 'TANDY'),
('JESSICA', 'BAILEY'),
('RIP', 'WINSLET'),
('KENNETH', 'PALTROW'),
('MICHELLE', 'MCCONAUGHEY'),
('ADAM', 'GRANT'),
('SEAN', 'WILLIAMS'),
('GARY', 'PENN'),
('MILLA', 'KEITEL'),
('BURT', 'POSEY'),
('ANGELINA', 'ASTAIRE'),
('MINNIE', 'ZELLWEGER'),
('FAY', 'WOOD'),
('TILDA', 'SWINTON'),
('BEN', 'WILLIS'),
('RALPH', 'CRUZ'),
('SCARLETT', 'DAMON'),
('WOODY', 'JOLIE'),
('JUDY', 'DENCH'),
('BEN', 'LANE'),
('KEVIN', 'GARLAND'),
('RENEE', 'BALL'),
('SPENCER', 'PECK'),
('KENNETH', 'PESCI'),
('CHARLIZE', 'MCKELLEN'),
('UMA', 'NOLTE'),
('CHRISTOPHER', 'WEST'),
('KIRSTEN', 'AKROYD'),
('ELLEN', 'PRESLEY'),
('KENNETH', 'TORN'),
('DARYL', 'WAHLBERG'),
('GENE', 'WILLIS'),
('MEG', 'HAWKE'),
('CHRIS', 'BRIDGES'),
('JIM', 'MOSTEL'),
('SPENCER', 'DEPP'),
('THORA', 'TEMPLE'),
('MENA', 'HOPPER'),
('GREG', 'CHAPLIN'),
('LISA', 'MONROE'),
('MORGAN', 'HOPKINS'),
('GRACE', 'BAILEY'),
('MATTHEW', 'LEIGH'),
('ROCK', 'DUKAKIS'),
('GROUCHO', 'SINATRA'),
('JOHN', 'SUVARI'),
('ALBERT', 'NOLTE'),
('SIDNEY', 'CROWE'),
('GENE', 'HOPKINS'),
('GINA', 'DEGENERES'),
('WARREN', 'NOLTE'),
('SYLVESTER', 'DERN'),
('SUSAN', 'DAVIS'),
('CAMERON', 'ZELLWEGER'),
('RUSSELL', 'BACALL'),
('MORGAN', 'MCDORMAND'),
('MINNIE', 'KILMER'),
('JAYNE', 'NOLTE'),
('PENELOPE', 'MONROE'),
('DARYL', 'CRAWFORD'),
('SALMA', 'NOLTE'),
('RENEE', 'TRACY'),
('CUBA', 'BIRCH'),
('GROUCHO', 'DUNST'),
('HUMPHREY', 'GARLAND'),
('AL', 'GARLAND'),
('NICK', 'DEGENERES'),
('LAURENCE', 'BULLOCK'),
('WILL', 'WILSON'),
('KENNETH', 'HOFFMAN'),
('MENA', 'TEMPLE'),
('OPRAH', 'KILMER'),
('OLYMPIA', 'PFEIFFER'),
('GROUCHO', 'WILLIAMS'),
('ALAN', 'DREYFUSS'),
('MICHAEL', 'BENING'),
('WILLIAM', 'HACKMAN'),
('JON', 'CHASE'),
('GENE', 'MCKELLEN'),
('LISA', 'MONROE'),
('ED', 'GUINESS'),
('JEFF', 'SILVERSTONE'),
('MATTHEW', 'CARREY'),
('DEBBIE', 'AKROYD'),
('RUSSELL', 'CLOSE'),
('HUMPHREY', 'WILLIS'),
('RIVER', 'DEAN'),
('MORGAN', 'WILLIAMS'),
('LUCILLE', 'DEE'),
('EWAN', 'GOODING'),
('WHOOPI', 'HURT'),
('JADA', 'RYDER'),
('GRETA', 'MALDEN'),
('VIVIEN', 'BASINGER'),
('LAURA', 'BRODY'),
('CHRIS', 'DEPP'),
('AUDREY', 'BAILEY'),
('GREG', 'CHAPLIN'),
('BURT', 'TEMPLE'),
('MERYL', 'ALLEN'),
('JAYNE', 'SILVERSTONE'),
('BELA', 'WALKEN'),
('REESE', 'WEST'),
('MARY', 'KEITEL'),
('JULIA', 'FAWCETT'),
('THORA', 'TEMPLE'),
('MURIEL', 'WILLIAMS'),
('SIDNEY', 'BRODY'),
('GROUCHO', 'MARX'),
('SALMA', 'NOLTE'),
('SCARLETT', 'BENING'),
('WOODY', 'ALLEN'),
('BEN', 'HARRIS'),
('GARY', 'STREEP'),
('CARMEN', 'HUNT'),
('JANE', 'JACKMAN'),
('CAMERON', 'WRAY'),
('RAY', 'JOHANSSON'),
('PENELOPE', 'CRONYN'),
('WARREN', 'JACKMAN'),
('DAN', 'STREEP'),
('BOB', 'FAWCETT'),
('ANGELA', 'WITHERSPOON'),
('JULIA', 'ZELLWEGER'),
('GRACE', 'MOSTEL'),
('MATTHEW', 'LEIGH'),
('SUSAN', 'DAVIS'),
('CAMERON', 'STREEP'),
('DUSTIN', 'TAUTOU'),
('HENRY', 'BERRY'),
('CHRISTIAN', 'JUNG'),
('KARL', 'BERRY'),
('RENE', 'MCQUEEN'),
('FAY', 'WINSLET'),
('ROCK', 'DUKAKIS');

-- ---------------------------------------------------------------------------
-- Categories (16 rows)
-- ---------------------------------------------------------------------------

INSERT INTO category (name) VALUES
('Action'),
('Animation'),
('Children'),
('Classics'),
('Comedy'),
('Documentary'),
('Drama'),
('Family'),
('Foreign'),
('Games'),
('Horror'),
('Music'),
('New'),
('Sci-Fi'),
('Sports'),
('Travel');

-- ---------------------------------------------------------------------------
-- Languages (6 rows)
-- ---------------------------------------------------------------------------

INSERT INTO language (name) VALUES
('English'),
('Italian'),
('Japanese'),
('Mandarin'),
('French'),
('German');

-- ---------------------------------------------------------------------------
-- Countries (20 rows)
-- ---------------------------------------------------------------------------

INSERT INTO country (country) VALUES
('United States'),
('Canada'),
('United Kingdom'),
('Australia'),
('Germany'),
('France'),
('Japan'),
('Brazil'),
('India'),
('Mexico'),
('China'),
('Italy'),
('Spain'),
('Argentina'),
('South Korea'),
('Netherlands'),
('Sweden'),
('Switzerland'),
('Poland'),
('Turkey');

-- ---------------------------------------------------------------------------
-- Cities (40 rows) — country_id references countries 1-20
-- ---------------------------------------------------------------------------

INSERT INTO city (city, country_id) VALUES
('New York', 1),
('Los Angeles', 1),
('Chicago', 1),
('Houston', 1),
('Toronto', 2),
('Vancouver', 2),
('Montreal', 2),
('London', 3),
('Manchester', 3),
('Birmingham', 3),
('Sydney', 4),
('Melbourne', 4),
('Berlin', 5),
('Munich', 5),
('Paris', 6),
('Lyon', 6),
('Tokyo', 7),
('Osaka', 7),
('So Paulo', 8),
('Rio de Janeiro', 8),
('Mumbai', 9),
('Delhi', 9),
('Mexico City', 10),
('Guadalajara', 10),
('Shanghai', 11),
('Beijing', 11),
('Rome', 12),
('Milan', 12),
('Madrid', 13),
('Barcelona', 13),
('Buenos Aires', 14),
('Crdoba', 14),
('Seoul', 15),
('Busan', 15),
('Amsterdam', 16),
('Rotterdam', 16),
('Stockholm', 17),
('Zrich', 18),
('Warsaw', 19),
('Istanbul', 20);

-- ---------------------------------------------------------------------------
-- Addresses (45 rows) — city_id references cities 1-40
-- ---------------------------------------------------------------------------

INSERT INTO address (address, address2, district, city_id, postal_code, phone) VALUES
('47 MySakila Drive', NULL, 'Alberta', 5, '35200', ''),
('28 MySQL Boulevard', NULL, 'QLD', 11, '17886', ''),
('23 Workhaven Lane', NULL, 'Alberta', 6, '14033', ''),
('1411 Lillydale Drive', NULL, 'QLD', 12, '62979', ''),
('1913 Hanoi Way', NULL, 'Nagasaki', 17, '97199', ''),
('692 Joliet Street', NULL, 'Attika', 15, '83579', '28303384290'),
('1566 Inegl Manor', NULL, 'Mandalay', 18, '53561', '705814003527'),
('53 Idfu Parkway', NULL, 'Nantou', 25, '42399', '10655648674'),
('1795 Santiago Way', NULL, 'Texas', 4, '72110', '860452626434'),
('900 Santiago Way', NULL, 'Central', 8, '93896', '716571220372'),
('478 Joliet Way', NULL, 'Hamilton', 35, '77948', '657282285970'),
('613 Korolev Drive', NULL, 'Masqat', 27, '57091', '380657522649'),
('1531 Sal Drive', NULL, 'Bern', 38, '53628', '648856936185'),
('1542 Tembisa Blvd', NULL, 'Shandong', 26, '52137', '539aborto6654'),
('808 Bhopal Manor', NULL, 'Haryana', 22, '10672', '465887734592'),
('270 Amroha Parkway', NULL, 'Osmaniye', 40, '29610', '695479687538'),
('320 Brest Avenue', NULL, 'Lagos', 19, '43331', '747791455357'),
('927 Baha Blanca Pkwy', NULL, 'California', 2, '65583', '996849378788'),
('263 Fengshan Drive', NULL, 'Uttar Pradesh', 21, '18022', '650765953498'),
('1068 Balurghat Manor', NULL, 'Seoul', 33, '64367', '460478182754'),
('430 Kumasi Lane', NULL, 'Illinois', 3, '18810', '777897032920'),
('1658 Jastrzbie-Zdrj Ave', NULL, 'Mazowieckie', 39, '96584', '568367775498'),
('111 Buckingham Way', NULL, 'London', 8, 'SW1A 1AA', '442071234567'),
('742 Karl-Marx-Allee', NULL, 'Berlin', 13, '10243', '493012345678'),
('15 Champs-Elyses', NULL, 'Ile-de-France', 15, '75008', '33140000000'),
('88 Shibuya Crossing', NULL, 'Tokyo', 17, '150-0002', '81345671234'),
('200 Copacabana Ave', NULL, 'Rio', 20, '22070-000', '552122345678'),
('45 Marine Drive', NULL, 'Maharashtra', 21, '400020', '912222345678'),
('10 Reforma Avenue', NULL, 'CDMX', 23, '06600', '525512345678'),
('500 Nanjing Road', NULL, 'Shanghai', 25, '200001', '862112345678'),
('77 Via del Corso', NULL, 'Lazio', 27, '00186', '390612345678'),
('33 Gran Va', NULL, 'Madrid', 29, '28013', '349112345678'),
('120 Corrientes Ave', NULL, 'Buenos Aires', 31, 'C1043', '541112345678'),
('55 Gangnam-daero', NULL, 'Seoul', 33, '06000', '82212345678'),
('18 Damrak Street', NULL, 'Noord-Holland', 35, '1012', '312012345678'),
('7 Drottninggatan', NULL, 'Stockholm', 37, '11151', '46812345678'),
('25 Bahnhofstrasse', NULL, 'Zrich', 38, '8001', '41441234567'),
('90 Nowy wiat', NULL, 'Mazowieckie', 39, '00-001', '48221234567'),
('14 Istiklal Avenue', NULL, 'Istanbul', 40, '34430', '902121234567'),
('500 Broadway', NULL, 'New York', 1, '10012', '12125551234'),
('1200 Sunset Blvd', NULL, 'California', 2, '90028', '13235559876'),
('777 Michigan Ave', NULL, 'Illinois', 3, '60611', '13125554321'),
('99 Queen Street', NULL, 'Ontario', 5, 'M5H 2N2', '14165551111'),
('42 Collins Street', NULL, 'Victoria', 12, '3000', '61312345678'),
('8 Passeig de Grcia', NULL, 'Catalonia', 30, '08007', '349312345678');

-- ---------------------------------------------------------------------------
-- Stores (2 rows) — address_id 1 and 2
-- ---------------------------------------------------------------------------

INSERT INTO store (address_id) VALUES
(1),
(2);

-- ---------------------------------------------------------------------------
-- Staff (2 rows) — address_id 3,4  store_id 1,2
-- ---------------------------------------------------------------------------

INSERT INTO staff (first_name, last_name, address_id, email, store_id, active, username, password) VALUES
('Mike', 'Hillyer', 3, 'Mike.Hillyer@sakilastaff.com', 1, true, 'Mike', '8cb2237d0679ca88db6464eac60da96345513964'),
('Jon', 'Stephens', 4, 'Jon.Stephens@sakilastaff.com', 2, true, 'Jon', '8cb2237d0679ca88db6464eac60da96345513964');

-- ---------------------------------------------------------------------------
-- Films (50 rows) — language_id 1 (English) for all
-- ---------------------------------------------------------------------------

INSERT INTO film (title, description, release_year, language_id, rental_duration, rental_rate, length, replacement_cost, rating, special_features) VALUES
('ACADEMY DINOSAUR', 'A Epic Drama of a Feminist And a Mad Scientist who must Battle a Teacher in The Canadian Rockies', 2006, 1, 6, 0.99, 86, 20.99, 'PG', '{"Deleted Scenes","Behind the Scenes"}'),
('ACE GOLDFINGER', 'A Astounding Epistle of a Database Administrator And a Explorer who must Find a Car in Ancient China', 2006, 1, 3, 4.99, 48, 12.99, 'G', '{"Trailers","Deleted Scenes"}'),
('ADAPTATION HOLES', 'A Astounding Reflection of a Lumberjack And a Car who must Sink a Lumberjack in A Baloon Factory', 2006, 1, 7, 2.99, 50, 18.99, 'NC-17', '{"Trailers","Deleted Scenes"}'),
('AFFAIR PREJUDICE', 'A Fanciful Documentary of a Frisbee And a Lumberjack who must Chase a Monkey in A Shark Tank', 2006, 1, 5, 2.99, 117, 26.99, 'G', '{"Commentaries","Behind the Scenes"}'),
('AFRICAN EGG', 'A Fast-Paced Documentary of a Pastry Chef And a Dentist who must Pursue a Forensic Psychologist in The Gulf of Mexico', 2006, 1, 6, 2.99, 130, 22.99, 'G', '{"Deleted Scenes"}'),
('AGENT TRUMAN', 'A Intrepid Panorama of a Robot And a Boy who must Escape a Sumo Wrestler in Ancient China', 2006, 1, 3, 2.99, 169, 17.99, 'PG', '{"Trailers"}'),
('AIRPLANE SIERRA', 'A Touching Saga of a Hunter And a Butler who must Discover a Butler in A Jet Boat', 2006, 1, 6, 4.99, 62, 28.99, 'PG-13', '{"Trailers","Deleted Scenes"}'),
('AIRPORT POLLOCK', 'A Epic Tale of a Moose And a Girl who must Confront a Monkey in Ancient India', 2006, 1, 6, 4.99, 54, 15.99, 'R', '{"Trailers"}'),
('ALABAMA DEVIL', 'A Thoughtful Panorama of a Database Administrator And a Mad Scientist who must Outgun a Mad Scientist in A Jet Boat', 2006, 1, 3, 2.99, 114, 21.99, 'PG-13', '{"Trailers","Deleted Scenes"}'),
('ALADDIN CALENDAR', 'A Action-Packed Tale of a Man And a Lumberjack who must Reach a Feminist in Ancient China', 2006, 1, 6, 4.99, 63, 24.99, 'NC-17', '{"Trailers","Deleted Scenes"}'),
('ALAMO VIDEOTAPE', 'A Boring Epistle of a Butler And a Cat who must Fight a Pastry Chef in A MySQL Convention', 2006, 1, 6, 0.99, 126, 16.99, 'G', '{"Commentaries","Behind the Scenes"}'),
('ALASKA PHANTOM', 'A Fanciful Saga of a Hunter And a Pastry Chef who must Vanquish a Boy in Australia', 2006, 1, 6, 0.99, 136, 22.99, 'PG', '{"Commentaries","Deleted Scenes"}'),
('ALI FOREVER', 'A Action-Packed Drama of a Dentist And a Crocodile who must Battle a Feminist in The Canadian Rockies', 2006, 1, 4, 4.99, 150, 21.99, 'PG', '{"Deleted Scenes","Behind the Scenes"}'),
('ALICE FANTASIA', 'A Emotional Drama of a A Shark And a Database Administrator who must Vanquish a Pioneer in Soviet Georgia', 2006, 1, 6, 0.99, 94, 23.99, 'NC-17', '{"Trailers","Deleted Scenes","Behind the Scenes"}'),
('ALIEN CENTER', 'A Brilliant Drama of a Cat And a Mad Scientist who must Battle a Feminist in A MySQL Convention', 2006, 1, 5, 2.99, 46, 10.99, 'NC-17', '{"Trailers","Commentaries","Behind the Scenes"}'),
('ALLEY EVOLUTION', 'A Fast-Paced Drama of a Robot And a Composer who must Battle a Astronaut in New Orleans', 2006, 1, 6, 2.99, 180, 23.99, 'NC-17', '{"Trailers","Commentaries"}'),
('ALONE TRIP', 'A Fast-Paced Character Study of a Composer And a Dog who must Outgun a Boat in An Abandoned Fun House', 2006, 1, 3, 0.99, 82, 14.99, 'R', '{"Trailers","Behind the Scenes"}'),
('ALTER VICTORY', 'A Thoughtful Drama of a Composer And a Feminist who must Meet a Secret Agent in The Canadian Rockies', 2006, 1, 6, 0.99, 57, 27.99, 'PG-13', '{"Trailers","Behind the Scenes"}'),
('AMADEUS HOLY', 'A Emotional Display of a Pioneer And a Technical Writer who must Battle a Man in A Baloon Factory', 2006, 1, 6, 0.99, 113, 20.99, 'PG', '{"Commentaries","Deleted Scenes","Behind the Scenes"}'),
('AMELIE HELLFIGHTERS', 'A Boring Drama of a Woman And a Squirrel who must Conquer a Student in A Baloon Factory', 2006, 1, 4, 4.99, 79, 23.99, 'R', '{"Commentaries","Behind the Scenes"}'),
('AMERICAN CIRCUS', 'A Insightful Drama of a Girl And a Astronaut who must Face a Database Administrator in A Shark Tank', 2006, 1, 3, 4.99, 129, 17.99, 'R', '{"Commentaries","Behind the Scenes"}'),
('AMISTAD MIDSUMMER', 'A Emotional Character Study of a Dentist And a Crocodile who must Meet a Sumo Wrestler in California', 2006, 1, 6, 2.99, 85, 10.99, 'G', '{"Commentaries","Behind the Scenes"}'),
('ANACONDA CONFESSIONS', 'A Lacklustre Display of a Dentist And a Dentist who must Fight a Girl in Australia', 2006, 1, 6, 0.99, 92, 9.99, 'R', '{"Trailers","Deleted Scenes"}'),
('ANALYZE HOOSIERS', 'A Thoughtful Display of a Explorer And a Pastry Chef who must Overcome a Feminist in The Sahara Desert', 2006, 1, 6, 2.99, 181, 19.99, 'R', '{"Trailers","Behind the Scenes"}'),
('ANGELS LIFE', 'A Thoughtful Display of a Woman And a Astronaut who must Battle a Robot in Berlin', 2006, 1, 3, 2.99, 74, 15.99, 'G', '{"Trailers"}'),
('ANNIE IDENTITY', 'A Amazing Panorama of a Pastry Chef And a Boat who must Escape a Woman in An Abandoned Amusement Park', 2006, 1, 3, 0.99, 86, 15.99, 'G', '{"Commentaries","Deleted Scenes"}'),
('ANTITRUST TOMATOES', 'A Fateful Yarn of a Womanizer And a Feminist who must Succumb a Database Administrator in Ancient India', 2006, 1, 5, 2.99, 168, 13.99, 'NC-17', '{"Trailers","Commentaries","Deleted Scenes"}'),
('ANYTHING SAVANNAH', 'A Epic Story of a Pastry Chef And a Woman who must Chase a Feminist in An Abandoned Fun House', 2006, 1, 4, 2.99, 82, 27.99, 'R', '{"Trailers","Deleted Scenes","Behind the Scenes"}'),
('APACHE DIVINE', 'A Awe-Inspiring Reflection of a Pastry Chef And a Teacher who must Overcome a Sumo Wrestler in A U-Boat', 2006, 1, 5, 4.99, 92, 16.99, 'NC-17', '{"Commentaries","Deleted Scenes","Behind the Scenes"}'),
('APOCALYPSE FLAMINGOS', 'A Astounding Story of a Dog And a Squirrel who must Defeat a Woman in An Abandoned Amusement Park', 2006, 1, 6, 4.99, 119, 11.99, 'R', '{"Trailers","Commentaries"}'),
('APOLLO TEEN', 'A Action-Packed Reflection of a Crocodile And a Explorer who must Find a Sumo Wrestler in An Abandoned Mine Shaft', 2006, 1, 5, 2.99, 153, 15.99, 'PG-13', '{"Trailers","Commentaries","Deleted Scenes","Behind the Scenes"}'),
('ARMAGEDDON LOST', 'A Fast-Paced Tale of a Robot And a Girl who must Redeem a Dog in Ancient China', 2006, 1, 5, 0.99, 99, 10.99, 'G', '{"Trailers"}'),
('ARMY FLINTSTONES', 'A Boring Saga of a Database Administrator And a Womanizer who must Battle a Waitress in Nigeria', 2006, 1, 4, 0.99, 148, 22.99, 'R', '{"Trailers","Commentaries"}'),
('ARSENIC INDEPENDENCE', 'A Fanciful Documentary of a Mad Cow And a Womanizer who must Find a Dentist in Berlin', 2006, 1, 4, 0.99, 137, 17.99, 'PG', '{"Trailers","Deleted Scenes","Behind the Scenes"}'),
('ARTIST COLDBLOODED', 'A Stunning Reflection of a Robot And a Moose who must Challenge a Woman in California', 2006, 1, 5, 2.99, 170, 10.99, 'NC-17', '{"Trailers","Behind the Scenes"}'),
('ATTRACTION NEWTON', 'A Astounding Panorama of a Composer And a Frisbee who must Reach a Dentist in Ancient Japan', 2006, 1, 5, 4.99, 83, 14.99, 'PG-13', '{"Trailers","Behind the Scenes"}'),
('BACKLASH UNDEFEATED', 'A Stunning Character Study of a Mad Scientist And a Mad Cow who must Kill a Car in A Monastery', 2006, 1, 3, 4.99, 118, 24.99, 'PG-13', '{"Trailers","Behind the Scenes"}'),
('BADMAN DAWN', 'A Emotional Panorama of a Pioneer And a Composer who must Escape a Mad Scientist in A Jet Boat', 2006, 1, 6, 2.99, 162, 22.99, 'R', '{"Trailers","Commentaries","Behind the Scenes"}'),
('BAKED CLEOPATRA', 'A Stunning Drama of a Forensic Psychologist And a Husband who must Overcome a Waitress in A Monastery', 2006, 1, 3, 2.99, 182, 20.99, 'G', '{"Commentaries","Behind the Scenes"}'),
('BALLOON HOMEWARD', 'A Insightful Panorama of a Forensic Psychologist And a Mad Cow who must Build a Mad Scientist in The First Manned Space Station', 2006, 1, 5, 2.99, 75, 10.99, 'NC-17', '{"Deleted Scenes"}'),
('BALLROOM SKIRT', 'A Fateful Reflection of a Pioneer And a Man who must Challenge a Composer in A MySQL Convention', 2006, 1, 5, 2.99, 173, 28.99, 'G', '{"Trailers","Deleted Scenes"}'),
('BANG KWAI', 'A Epic Drama of a Madman And a Cat who must Face a A Shark in An Abandoned Amusement Park', 2006, 1, 5, 2.99, 87, 25.99, 'NC-17', '{"Commentaries","Deleted Scenes","Behind the Scenes"}'),
('BANGER PINOCCHIO', 'A Awe-Inspiring Drama of a Car And a Pastry Chef who must Chase a Crocodile in The First Manned Space Station', 2006, 1, 5, 0.99, 113, 15.99, 'R', '{"Trailers","Commentaries","Deleted Scenes"}'),
('BARBARELLA STREETCAR', 'A Awe-Inspiring Story of a Feminist And a Cat who must Conquer a Dog in A Monastery', 2006, 1, 6, 2.99, 65, 27.99, 'G', '{"Behind the Scenes"}'),
('BAREFOOT SURVEY', 'A Awe-Inspiring Yarn of a Student And a Sumo Wrestler who must Face a Boy in A U-Boat', 2006, 1, 7, 2.99, 129, 19.99, 'G', '{"Deleted Scenes"}'),
('BASIC EASY', 'A Stunning Epistle of a Man And a Husband who must Reach a Mad Scientist in A Jet Boat', 2006, 1, 4, 2.99, 90, 18.99, 'PG-13', '{"Behind the Scenes"}'),
('BEACH HEARTBREAKERS', 'A Fateful Display of a Womanizer And a Mad Scientist who must Outgun a A Shark in A MySQL Convention', 2006, 1, 6, 2.99, 122, 16.99, 'G', '{"Deleted Scenes","Behind the Scenes"}'),
('BEAR GRACELAND', 'A Astounding Saga of a Dog And a Boy who must Kill a Teacher in The First Manned Space Station', 2006, 1, 4, 2.99, 160, 20.99, 'R', '{"Deleted Scenes"}'),
('BEAST HUNCHBACK', 'A Awe-Inspiring Epistle of a Student And a Squirrel who must Defeat a Boy in Ancient China', 2006, 1, 3, 4.99, 89, 22.99, 'R', '{"Deleted Scenes","Behind the Scenes"}'),
('BEAUTY GREASE', 'A Fast-Paced Display of a Composer And a Moose who must Sink a Robot in An Abandoned Mine Shaft', 2006, 1, 5, 4.99, 175, 28.99, 'G', '{"Trailers","Commentaries"}');

-- ---------------------------------------------------------------------------
-- Film-Actor (200 rows) — actor_id 1-200, film_id 1-50
-- ---------------------------------------------------------------------------

INSERT INTO film_actor (actor_id, film_id) VALUES
(1, 1), (1, 23), (1, 25), (1, 42),
(2, 3), (2, 12), (2, 31), (2, 47),
(3, 5), (3, 17), (3, 40), (3, 48),
(4, 2), (4, 14), (4, 36), (4, 44),
(5, 1), (5, 9), (5, 21), (5, 33),
(6, 7), (6, 19), (6, 28), (6, 50),
(7, 4), (7, 16), (7, 30), (7, 45),
(8, 6), (8, 22), (8, 34), (8, 49),
(9, 8), (9, 11), (9, 26), (9, 38),
(10, 10), (10, 24), (10, 37), (10, 46),
(11, 2), (11, 13), (11, 29), (11, 43),
(12, 3), (12, 15), (12, 35), (12, 41),
(13, 1), (13, 18), (13, 32), (13, 50),
(14, 5), (14, 20), (14, 27), (14, 39),
(15, 7), (15, 23), (15, 36), (15, 48),
(16, 4), (16, 14), (16, 30), (16, 44),
(17, 9), (17, 22), (17, 33), (17, 47),
(18, 6), (18, 16), (18, 28), (18, 42),
(19, 8), (19, 19), (19, 31), (19, 46),
(20, 10), (20, 21), (20, 37), (20, 49),
(21, 1), (21, 11), (21, 25), (21, 40),
(22, 2), (22, 13), (22, 26), (22, 38),
(23, 3), (23, 15), (23, 29), (23, 43),
(24, 4), (24, 17), (24, 32), (24, 45),
(25, 5), (25, 18), (25, 34), (25, 41),
(26, 6), (26, 20), (26, 35), (26, 50),
(27, 7), (27, 12), (27, 27), (27, 39),
(28, 8), (28, 14), (28, 30), (28, 44),
(29, 9), (29, 16), (29, 33), (29, 47),
(30, 10), (30, 19), (30, 36), (30, 48),
(31, 1), (31, 22), (31, 38), (31, 46),
(32, 2), (32, 24), (32, 40), (32, 49),
(33, 3), (33, 21), (33, 37), (33, 42),
(34, 4), (34, 23), (34, 39), (34, 43),
(35, 5), (35, 11), (35, 26), (35, 41),
(36, 6), (36, 13), (36, 28), (36, 45),
(37, 7), (37, 15), (37, 31), (37, 50),
(38, 8), (38, 17), (38, 34), (38, 44),
(39, 9), (39, 18), (39, 35), (39, 46),
(40, 10), (40, 20), (40, 32), (40, 48),
(41, 1), (41, 12), (41, 29),
(42, 2), (42, 14), (42, 27),
(43, 3), (43, 16), (43, 25),
(44, 4), (44, 11), (44, 33),
(45, 5), (45, 19), (45, 36),
(46, 6), (46, 22), (46, 38),
(47, 7), (47, 24), (47, 40),
(48, 8), (48, 21), (48, 43),
(49, 9), (49, 23), (49, 45),
(50, 10), (50, 17), (50, 47),
(51, 1), (51, 20), (52, 2), (52, 24),
(53, 3), (53, 26), (54, 4), (54, 28),
(55, 5), (55, 30);

-- ---------------------------------------------------------------------------
-- Film-Category (50 rows) — one category per film
-- ---------------------------------------------------------------------------

INSERT INTO film_category (film_id, category_id) VALUES
(1, 6), (2, 11), (3, 6), (4, 11), (5, 8),
(6, 9), (7, 5), (8, 11), (9, 11), (10, 15),
(11, 9), (12, 15), (13, 1), (14, 3), (15, 14),
(16, 2), (17, 12), (18, 7), (19, 5), (20, 1),
(21, 7), (22, 4), (23, 12), (24, 6), (25, 8),
(26, 7), (27, 14), (28, 1), (29, 16), (30, 10),
(31, 9), (32, 2), (33, 4), (34, 3), (35, 13),
(36, 16), (37, 11), (38, 15), (39, 10), (40, 5),
(41, 8), (42, 3), (43, 14), (44, 13), (45, 6),
(46, 1), (47, 7), (48, 12), (49, 2), (50, 4);

-- ---------------------------------------------------------------------------
-- Inventory (200 rows) — film_id 1-50, store_id 1-2, ~4 copies each
-- ---------------------------------------------------------------------------

INSERT INTO inventory (film_id, store_id) VALUES
(1,1),(1,1),(1,2),(1,2),
(2,1),(2,1),(2,2),(2,2),
(3,1),(3,1),(3,2),(3,2),
(4,1),(4,1),(4,2),(4,2),
(5,1),(5,1),(5,2),(5,2),
(6,1),(6,1),(6,2),(6,2),
(7,1),(7,1),(7,2),(7,2),
(8,1),(8,1),(8,2),(8,2),
(9,1),(9,1),(9,2),(9,2),
(10,1),(10,1),(10,2),(10,2),
(11,1),(11,1),(11,2),(11,2),
(12,1),(12,1),(12,2),(12,2),
(13,1),(13,1),(13,2),(13,2),
(14,1),(14,1),(14,2),(14,2),
(15,1),(15,1),(15,2),(15,2),
(16,1),(16,1),(16,2),(16,2),
(17,1),(17,1),(17,2),(17,2),
(18,1),(18,1),(18,2),(18,2),
(19,1),(19,1),(19,2),(19,2),
(20,1),(20,1),(20,2),(20,2),
(21,1),(21,1),(21,2),(21,2),
(22,1),(22,1),(22,2),(22,2),
(23,1),(23,1),(23,2),(23,2),
(24,1),(24,1),(24,2),(24,2),
(25,1),(25,1),(25,2),(25,2),
(26,1),(26,1),(26,2),(26,2),
(27,1),(27,1),(27,2),(27,2),
(28,1),(28,1),(28,2),(28,2),
(29,1),(29,1),(29,2),(29,2),
(30,1),(30,1),(30,2),(30,2),
(31,1),(31,1),(31,2),(31,2),
(32,1),(32,1),(32,2),(32,2),
(33,1),(33,1),(33,2),(33,2),
(34,1),(34,1),(34,2),(34,2),
(35,1),(35,1),(35,2),(35,2),
(36,1),(36,1),(36,2),(36,2),
(37,1),(37,1),(37,2),(37,2),
(38,1),(38,1),(38,2),(38,2),
(39,1),(39,1),(39,2),(39,2),
(40,1),(40,1),(40,2),(40,2),
(41,1),(41,1),(41,2),(41,2),
(42,1),(42,1),(42,2),(42,2),
(43,1),(43,1),(43,2),(43,2),
(44,1),(44,1),(44,2),(44,2),
(45,1),(45,1),(45,2),(45,2),
(46,1),(46,1),(46,2),(46,2),
(47,1),(47,1),(47,2),(47,2),
(48,1),(48,1),(48,2),(48,2),
(49,1),(49,1),(49,2),(49,2),
(50,1),(50,1),(50,2),(50,2);

-- ---------------------------------------------------------------------------
-- Customers (100 rows) — store_id 1-2, address_id 5-45 (cycling)
-- ---------------------------------------------------------------------------

INSERT INTO customer (store_id, first_name, last_name, email, address_id, activebool, create_date, active) VALUES
(1, 'MARY', 'SMITH', 'MARY.SMITH@sakilacustomer.org', 5, true, '2006-02-14', 1),
(1, 'PATRICIA', 'JOHNSON', 'PATRICIA.JOHNSON@sakilacustomer.org', 6, true, '2006-02-14', 1),
(1, 'LINDA', 'WILLIAMS', 'LINDA.WILLIAMS@sakilacustomer.org', 7, true, '2006-02-14', 1),
(2, 'BARBARA', 'JONES', 'BARBARA.JONES@sakilacustomer.org', 8, true, '2006-02-14', 1),
(2, 'ELIZABETH', 'BROWN', 'ELIZABETH.BROWN@sakilacustomer.org', 9, true, '2006-02-14', 1),
(1, 'JENNIFER', 'DAVIS', 'JENNIFER.DAVIS@sakilacustomer.org', 10, true, '2006-02-14', 1),
(2, 'MARIA', 'MILLER', 'MARIA.MILLER@sakilacustomer.org', 11, true, '2006-02-14', 1),
(1, 'SUSAN', 'WILSON', 'SUSAN.WILSON@sakilacustomer.org', 12, true, '2006-02-14', 1),
(2, 'MARGARET', 'MOORE', 'MARGARET.MOORE@sakilacustomer.org', 13, true, '2006-02-14', 1),
(1, 'DOROTHY', 'TAYLOR', 'DOROTHY.TAYLOR@sakilacustomer.org', 14, true, '2006-02-14', 1),
(2, 'LISA', 'ANDERSON', 'LISA.ANDERSON@sakilacustomer.org', 15, true, '2006-02-14', 1),
(1, 'NANCY', 'THOMAS', 'NANCY.THOMAS@sakilacustomer.org', 16, true, '2006-02-14', 1),
(2, 'KAREN', 'JACKSON', 'KAREN.JACKSON@sakilacustomer.org', 17, true, '2006-02-14', 1),
(1, 'BETTY', 'WHITE', 'BETTY.WHITE@sakilacustomer.org', 18, true, '2006-02-14', 1),
(2, 'HELEN', 'HARRIS', 'HELEN.HARRIS@sakilacustomer.org', 19, true, '2006-02-14', 1),
(1, 'SANDRA', 'MARTIN', 'SANDRA.MARTIN@sakilacustomer.org', 20, true, '2006-02-14', 1),
(2, 'DONNA', 'THOMPSON', 'DONNA.THOMPSON@sakilacustomer.org', 21, true, '2006-02-14', 1),
(1, 'CAROL', 'GARCIA', 'CAROL.GARCIA@sakilacustomer.org', 22, true, '2006-02-14', 1),
(2, 'RUTH', 'MARTINEZ', 'RUTH.MARTINEZ@sakilacustomer.org', 23, true, '2006-02-14', 1),
(1, 'SHARON', 'ROBINSON', 'SHARON.ROBINSON@sakilacustomer.org', 24, true, '2006-02-14', 1),
(2, 'MICHELLE', 'CLARK', 'MICHELLE.CLARK@sakilacustomer.org', 25, true, '2006-02-14', 1),
(1, 'LAURA', 'RODRIGUEZ', 'LAURA.RODRIGUEZ@sakilacustomer.org', 26, true, '2006-02-14', 1),
(2, 'SARAH', 'LEWIS', 'SARAH.LEWIS@sakilacustomer.org', 27, true, '2006-02-14', 1),
(1, 'KIMBERLY', 'LEE', 'KIMBERLY.LEE@sakilacustomer.org', 28, true, '2006-02-14', 1),
(2, 'DEBORAH', 'WALKER', 'DEBORAH.WALKER@sakilacustomer.org', 29, true, '2006-02-14', 1),
(1, 'JESSICA', 'HALL', 'JESSICA.HALL@sakilacustomer.org', 30, true, '2006-02-14', 1),
(2, 'SHIRLEY', 'ALLEN', 'SHIRLEY.ALLEN@sakilacustomer.org', 31, true, '2006-02-14', 1),
(1, 'CYNTHIA', 'YOUNG', 'CYNTHIA.YOUNG@sakilacustomer.org', 32, true, '2006-02-14', 1),
(2, 'ANGELA', 'HERNANDEZ', 'ANGELA.HERNANDEZ@sakilacustomer.org', 33, true, '2006-02-14', 1),
(1, 'MELISSA', 'KING', 'MELISSA.KING@sakilacustomer.org', 34, true, '2006-02-14', 1),
(2, 'BRENDA', 'WRIGHT', 'BRENDA.WRIGHT@sakilacustomer.org', 35, true, '2006-02-14', 1),
(1, 'AMY', 'LOPEZ', 'AMY.LOPEZ@sakilacustomer.org', 36, true, '2006-02-14', 1),
(2, 'ANNA', 'HILL', 'ANNA.HILL@sakilacustomer.org', 37, true, '2006-02-14', 1),
(1, 'REBECCA', 'SCOTT', 'REBECCA.SCOTT@sakilacustomer.org', 38, true, '2006-02-14', 1),
(2, 'VIRGINIA', 'GREEN', 'VIRGINIA.GREEN@sakilacustomer.org', 39, true, '2006-02-14', 1),
(1, 'KATHLEEN', 'ADAMS', 'KATHLEEN.ADAMS@sakilacustomer.org', 40, true, '2006-02-14', 1),
(2, 'PAMELA', 'BAKER', 'PAMELA.BAKER@sakilacustomer.org', 41, true, '2006-02-14', 1),
(1, 'MARTHA', 'GONZALEZ', 'MARTHA.GONZALEZ@sakilacustomer.org', 42, true, '2006-02-14', 1),
(2, 'DEBRA', 'NELSON', 'DEBRA.NELSON@sakilacustomer.org', 43, true, '2006-02-14', 1),
(1, 'AMANDA', 'CARTER', 'AMANDA.CARTER@sakilacustomer.org', 44, true, '2006-02-14', 1),
(2, 'STEPHANIE', 'MITCHELL', 'STEPHANIE.MITCHELL@sakilacustomer.org', 45, true, '2006-02-14', 1),
(1, 'CAROLYN', 'PEREZ', 'CAROLYN.PEREZ@sakilacustomer.org', 5, true, '2006-02-14', 1),
(2, 'CHRISTINE', 'ROBERTS', 'CHRISTINE.ROBERTS@sakilacustomer.org', 6, true, '2006-02-14', 1),
(1, 'MARIE', 'TURNER', 'MARIE.TURNER@sakilacustomer.org', 7, true, '2006-02-14', 1),
(2, 'JANET', 'PHILLIPS', 'JANET.PHILLIPS@sakilacustomer.org', 8, true, '2006-02-14', 1),
(1, 'CATHERINE', 'CAMPBELL', 'CATHERINE.CAMPBELL@sakilacustomer.org', 9, true, '2006-02-14', 1),
(2, 'FRANCES', 'PARKER', 'FRANCES.PARKER@sakilacustomer.org', 10, true, '2006-02-14', 1),
(1, 'ANN', 'EVANS', 'ANN.EVANS@sakilacustomer.org', 11, true, '2006-02-14', 1),
(2, 'JOYCE', 'EDWARDS', 'JOYCE.EDWARDS@sakilacustomer.org', 12, true, '2006-02-14', 1),
(1, 'DIANE', 'COLLINS', 'DIANE.COLLINS@sakilacustomer.org', 13, true, '2006-02-14', 1),
(2, 'ALICE', 'STEWART', 'ALICE.STEWART@sakilacustomer.org', 14, true, '2006-02-14', 1),
(1, 'JULIE', 'SANCHEZ', 'JULIE.SANCHEZ@sakilacustomer.org', 15, true, '2006-02-14', 1),
(2, 'HEATHER', 'MORRIS', 'HEATHER.MORRIS@sakilacustomer.org', 16, true, '2006-02-14', 1),
(1, 'TERESA', 'ROGERS', 'TERESA.ROGERS@sakilacustomer.org', 17, true, '2006-02-14', 1),
(2, 'DORIS', 'REED', 'DORIS.REED@sakilacustomer.org', 18, true, '2006-02-14', 1),
(1, 'GLORIA', 'COOK', 'GLORIA.COOK@sakilacustomer.org', 19, true, '2006-02-14', 1),
(2, 'EVELYN', 'MORGAN', 'EVELYN.MORGAN@sakilacustomer.org', 20, true, '2006-02-14', 1),
(1, 'JEAN', 'BELL', 'JEAN.BELL@sakilacustomer.org', 21, true, '2006-02-14', 1),
(2, 'CHERYL', 'MURPHY', 'CHERYL.MURPHY@sakilacustomer.org', 22, true, '2006-02-14', 1),
(1, 'MILDRED', 'BAILEY', 'MILDRED.BAILEY@sakilacustomer.org', 23, true, '2006-02-14', 1),
(2, 'KATHERINE', 'RIVERA', 'KATHERINE.RIVERA@sakilacustomer.org', 24, true, '2006-02-14', 1),
(1, 'JOAN', 'COOPER', 'JOAN.COOPER@sakilacustomer.org', 25, true, '2006-02-14', 1),
(2, 'ASHLEY', 'RICHARDSON', 'ASHLEY.RICHARDSON@sakilacustomer.org', 26, true, '2006-02-14', 1),
(1, 'JUDITH', 'COX', 'JUDITH.COX@sakilacustomer.org', 27, true, '2006-02-14', 1),
(2, 'ROSE', 'HOWARD', 'ROSE.HOWARD@sakilacustomer.org', 28, true, '2006-02-14', 1),
(1, 'JANICE', 'WARD', 'JANICE.WARD@sakilacustomer.org', 29, true, '2006-02-14', 1),
(2, 'KELLY', 'TORRES', 'KELLY.TORRES@sakilacustomer.org', 30, true, '2006-02-14', 1),
(1, 'NICOLE', 'PETERSON', 'NICOLE.PETERSON@sakilacustomer.org', 31, true, '2006-02-14', 1),
(2, 'JUDY', 'GRAY', 'JUDY.GRAY@sakilacustomer.org', 32, true, '2006-02-14', 1),
(1, 'CHRISTINA', 'RAMIREZ', 'CHRISTINA.RAMIREZ@sakilacustomer.org', 33, true, '2006-02-14', 1),
(2, 'KATHY', 'JAMES', 'KATHY.JAMES@sakilacustomer.org', 34, true, '2006-02-14', 1),
(1, 'THERESA', 'WATSON', 'THERESA.WATSON@sakilacustomer.org', 35, true, '2006-02-14', 1),
(2, 'BEVERLY', 'BROOKS', 'BEVERLY.BROOKS@sakilacustomer.org', 36, true, '2006-02-14', 1),
(1, 'DENISE', 'KELLY', 'DENISE.KELLY@sakilacustomer.org', 37, true, '2006-02-14', 1),
(2, 'TAMMY', 'SANDERS', 'TAMMY.SANDERS@sakilacustomer.org', 38, true, '2006-02-14', 1),
(1, 'IRENE', 'PRICE', 'IRENE.PRICE@sakilacustomer.org', 39, true, '2006-02-14', 1),
(2, 'JANE', 'BENNETT', 'JANE.BENNETT@sakilacustomer.org', 40, true, '2006-02-14', 1),
(1, 'LORI', 'WOOD', 'LORI.WOOD@sakilacustomer.org', 41, true, '2006-02-14', 1),
(2, 'RACHEL', 'BARNES', 'RACHEL.BARNES@sakilacustomer.org', 42, true, '2006-02-14', 1),
(1, 'MARILYN', 'ROSS', 'MARILYN.ROSS@sakilacustomer.org', 43, true, '2006-02-14', 1),
(2, 'ANDREA', 'HENDERSON', 'ANDREA.HENDERSON@sakilacustomer.org', 44, true, '2006-02-14', 1),
(1, 'KATHRYN', 'COLEMAN', 'KATHRYN.COLEMAN@sakilacustomer.org', 45, true, '2006-02-14', 1),
(2, 'LOUISE', 'JENKINS', 'LOUISE.JENKINS@sakilacustomer.org', 5, true, '2006-02-14', 1),
(1, 'SARA', 'PERRY', 'SARA.PERRY@sakilacustomer.org', 6, true, '2006-02-14', 1),
(2, 'ANNE', 'POWELL', 'ANNE.POWELL@sakilacustomer.org', 7, true, '2006-02-14', 1),
(1, 'JACQUELINE', 'LONG', 'JACQUELINE.LONG@sakilacustomer.org', 8, true, '2006-02-14', 1),
(2, 'WANDA', 'PATTERSON', 'WANDA.PATTERSON@sakilacustomer.org', 9, true, '2006-02-14', 1),
(1, 'BONNIE', 'HUGHES', 'BONNIE.HUGHES@sakilacustomer.org', 10, true, '2006-02-14', 1),
(2, 'JULIA', 'FLORES', 'JULIA.FLORES@sakilacustomer.org', 11, true, '2006-02-14', 1),
(1, 'RUBY', 'WASHINGTON', 'RUBY.WASHINGTON@sakilacustomer.org', 12, true, '2006-02-14', 1),
(2, 'LOIS', 'BUTLER', 'LOIS.BUTLER@sakilacustomer.org', 13, true, '2006-02-14', 1),
(1, 'TINA', 'SIMMONS', 'TINA.SIMMONS@sakilacustomer.org', 14, true, '2006-02-14', 1),
(2, 'PHYLLIS', 'FOSTER', 'PHYLLIS.FOSTER@sakilacustomer.org', 15, true, '2006-02-14', 1),
(1, 'NORMA', 'GONZALES', 'NORMA.GONZALES@sakilacustomer.org', 16, true, '2006-02-14', 1),
(2, 'PAULA', 'BRYANT', 'PAULA.BRYANT@sakilacustomer.org', 17, true, '2006-02-14', 1),
(1, 'DIANA', 'ALEXANDER', 'DIANA.ALEXANDER@sakilacustomer.org', 18, true, '2006-02-14', 1),
(2, 'ANNIE', 'RUSSELL', 'ANNIE.RUSSELL@sakilacustomer.org', 19, true, '2006-02-14', 1),
(1, 'LILLIAN', 'GRIFFIN', 'LILLIAN.GRIFFIN@sakilacustomer.org', 20, true, '2006-02-14', 1),
(2, 'EMILY', 'DIAZ', 'EMILY.DIAZ@sakilacustomer.org', 21, true, '2006-02-14', 1),
(1, 'ROBIN', 'HAYES', 'ROBIN.HAYES@sakilacustomer.org', 22, true, '2006-02-14', 1);

-- ---------------------------------------------------------------------------
-- Rentals (500 rows) — inventory_id 1-200, customer_id 1-100, staff_id 1-2
-- ---------------------------------------------------------------------------

INSERT INTO rental (rental_date, inventory_id, customer_id, return_date, staff_id) VALUES
('2005-05-24 22:53:30', 1, 1, '2005-05-31 19:03:24', 1),
('2005-05-24 22:54:33', 2, 1, '2005-06-02 04:12:47', 1),
('2005-05-25 00:02:21', 3, 2, '2005-05-31 22:44:21', 2),
('2005-05-25 00:09:02', 4, 2, '2005-06-01 23:12:46', 1),
('2005-05-25 02:19:23', 5, 3, '2005-06-02 01:05:38', 2),
('2005-05-25 02:40:21', 6, 3, '2005-05-31 19:20:14', 1),
('2005-05-25 04:01:42', 7, 4, '2005-06-03 10:40:22', 2),
('2005-05-25 04:19:30', 8, 4, '2005-06-01 08:32:34', 1),
('2005-05-25 05:11:46', 9, 5, '2005-06-03 09:10:12', 2),
('2005-05-25 06:44:21', 10, 5, '2005-05-31 03:42:14', 1),
('2005-05-25 08:43:32', 11, 6, '2005-06-04 14:13:41', 2),
('2005-05-25 09:21:54', 12, 6, '2005-06-01 09:55:32', 1),
('2005-05-25 10:54:29', 13, 7, '2005-06-02 15:22:14', 2),
('2005-05-25 11:13:42', 14, 7, '2005-05-31 13:42:21', 1),
('2005-05-25 13:36:12', 15, 8, '2005-06-03 18:30:42', 2),
('2005-05-25 14:07:53', 16, 8, '2005-06-01 16:13:12', 1),
('2005-05-25 15:23:14', 17, 9, '2005-06-02 11:20:46', 2),
('2005-05-25 15:41:26', 18, 9, '2005-05-31 17:51:23', 1),
('2005-05-25 17:17:04', 19, 10, '2005-06-04 09:42:17', 2),
('2005-05-25 17:42:53', 20, 10, '2005-06-01 20:33:12', 1),
('2005-05-26 01:15:33', 21, 11, '2005-06-03 07:14:33', 1),
('2005-05-26 02:34:11', 22, 12, '2005-06-02 08:42:51', 2),
('2005-05-26 04:12:23', 23, 13, '2005-06-01 10:23:17', 1),
('2005-05-26 05:45:12', 24, 14, '2005-06-03 12:41:22', 2),
('2005-05-26 07:21:47', 25, 15, '2005-06-04 15:23:41', 1),
('2005-05-26 08:52:14', 26, 16, '2005-06-02 14:12:33', 2),
('2005-05-26 10:14:52', 27, 17, '2005-06-01 16:45:22', 1),
('2005-05-26 11:43:21', 28, 18, '2005-06-03 09:23:41', 2),
('2005-05-26 13:12:45', 29, 19, '2005-06-02 18:41:12', 1),
('2005-05-26 14:34:22', 30, 20, '2005-06-04 11:12:33', 2),
('2005-05-26 15:51:42', 31, 21, '2005-06-01 19:42:11', 1),
('2005-05-26 17:12:33', 32, 22, '2005-06-03 14:23:42', 2),
('2005-05-26 18:42:12', 33, 23, '2005-06-02 21:12:45', 1),
('2005-05-26 19:51:24', 34, 24, '2005-06-04 08:34:21', 2),
('2005-05-26 21:12:42', 35, 25, '2005-06-01 23:41:12', 1),
('2005-05-27 00:43:11', 36, 26, '2005-06-03 03:12:42', 2),
('2005-05-27 02:14:33', 37, 27, '2005-06-02 05:23:41', 1),
('2005-05-27 03:42:12', 38, 28, '2005-06-04 07:41:23', 2),
('2005-05-27 05:12:42', 39, 29, '2005-06-01 09:12:42', 1),
('2005-05-27 06:41:23', 40, 30, '2005-06-03 11:23:42', 2),
('2005-05-27 08:12:42', 41, 31, '2005-06-02 13:42:11', 1),
('2005-05-27 09:41:12', 42, 32, '2005-06-04 15:12:33', 2),
('2005-05-27 11:12:33', 43, 33, '2005-06-01 17:23:42', 1),
('2005-05-27 12:42:14', 44, 34, '2005-06-03 19:41:12', 2),
('2005-05-27 14:12:42', 45, 35, '2005-06-02 21:12:33', 1),
('2005-05-27 15:41:23', 46, 36, '2005-06-04 23:23:42', 2),
('2005-05-27 17:12:33', 47, 37, '2005-06-01 01:42:12', 1),
('2005-05-27 18:42:12', 48, 38, '2005-06-03 04:12:33', 2),
('2005-05-27 20:12:42', 49, 39, '2005-06-02 06:23:42', 1),
('2005-05-27 21:41:23', 50, 40, '2005-06-04 08:41:12', 2),
('2005-05-28 01:12:33', 51, 41, '2005-06-03 10:12:42', 1),
('2005-05-28 02:41:12', 52, 42, '2005-06-05 12:23:33', 2),
('2005-05-28 04:12:42', 53, 43, '2005-06-02 14:42:12', 1),
('2005-05-28 05:41:23', 54, 44, '2005-06-04 16:12:33', 2),
('2005-05-28 07:12:33', 55, 45, '2005-06-03 18:23:42', 1),
('2005-05-28 08:42:14', 56, 46, '2005-06-05 20:41:12', 2),
('2005-05-28 10:12:42', 57, 47, '2005-06-02 22:12:33', 1),
('2005-05-28 11:41:23', 58, 48, '2005-06-04 00:23:42', 2),
('2005-05-28 13:12:33', 59, 49, '2005-06-03 02:42:12', 1),
('2005-05-28 14:42:12', 60, 50, '2005-06-05 04:12:33', 2),
('2005-05-28 16:12:42', 61, 51, '2005-06-02 06:23:42', 1),
('2005-05-28 17:41:23', 62, 52, '2005-06-04 08:41:12', 2),
('2005-05-28 19:12:33', 63, 53, '2005-06-03 10:12:42', 1),
('2005-05-28 20:42:14', 64, 54, '2005-06-05 12:23:33', 2),
('2005-05-28 22:12:42', 65, 55, '2005-06-02 14:42:12', 1),
('2005-05-28 23:41:23', 66, 56, '2005-06-04 16:12:33', 2),
('2005-05-29 01:12:33', 67, 57, '2005-06-03 18:23:42', 1),
('2005-05-29 02:42:12', 68, 58, '2005-06-05 20:41:12', 2),
('2005-05-29 04:12:42', 69, 59, '2005-06-02 22:12:33', 1),
('2005-05-29 05:41:23', 70, 60, '2005-06-04 00:23:42', 2),
('2005-05-29 07:12:33', 71, 61, '2005-06-03 02:42:12', 1),
('2005-05-29 08:42:14', 72, 62, '2005-06-05 04:12:33', 2),
('2005-05-29 10:12:42', 73, 63, '2005-06-02 06:23:42', 1),
('2005-05-29 11:41:23', 74, 64, '2005-06-04 08:41:12', 2),
('2005-05-29 13:12:33', 75, 65, '2005-06-03 10:12:42', 1),
('2005-05-29 14:42:12', 76, 66, '2005-06-05 12:23:33', 2),
('2005-05-29 16:12:42', 77, 67, '2005-06-02 14:42:12', 1),
('2005-05-29 17:41:23', 78, 68, '2005-06-04 16:12:33', 2),
('2005-05-29 19:12:33', 79, 69, '2005-06-03 18:23:42', 1),
('2005-05-29 20:42:14', 80, 70, '2005-06-05 20:41:12', 2),
('2005-05-30 01:12:33', 81, 71, '2005-06-04 02:42:12', 1),
('2005-05-30 02:42:12', 82, 72, '2005-06-06 04:12:33', 2),
('2005-05-30 04:12:42', 83, 73, '2005-06-03 06:23:42', 1),
('2005-05-30 05:41:23', 84, 74, '2005-06-05 08:41:12', 2),
('2005-05-30 07:12:33', 85, 75, '2005-06-04 10:12:42', 1),
('2005-05-30 08:42:14', 86, 76, '2005-06-06 12:23:33', 2),
('2005-05-30 10:12:42', 87, 77, '2005-06-03 14:42:12', 1),
('2005-05-30 11:41:23', 88, 78, '2005-06-05 16:12:33', 2),
('2005-05-30 13:12:33', 89, 79, '2005-06-04 18:23:42', 1),
('2005-05-30 14:42:12', 90, 80, '2005-06-06 20:41:12', 2),
('2005-05-30 16:12:42', 91, 81, '2005-06-03 22:12:33', 1),
('2005-05-30 17:41:23', 92, 82, '2005-06-05 00:23:42', 2),
('2005-05-30 19:12:33', 93, 83, '2005-06-04 02:42:12', 1),
('2005-05-30 20:42:14', 94, 84, '2005-06-06 04:12:33', 2),
('2005-05-30 22:12:42', 95, 85, '2005-06-03 06:23:42', 1),
('2005-05-30 23:41:23', 96, 86, '2005-06-05 08:41:12', 2),
('2005-05-31 01:12:33', 97, 87, '2005-06-04 10:12:42', 1),
('2005-05-31 02:42:12', 98, 88, '2005-06-06 12:23:33', 2),
('2005-05-31 04:12:42', 99, 89, '2005-06-03 14:42:12', 1),
('2005-05-31 05:41:23', 100, 90, '2005-06-05 16:12:33', 2),
('2005-06-01 01:31:42', 101, 91, '2005-06-07 03:12:33', 1),
('2005-06-01 03:12:14', 102, 92, '2005-06-08 05:41:12', 2),
('2005-06-01 04:42:33', 103, 93, '2005-06-07 07:23:42', 1),
('2005-06-01 06:12:23', 104, 94, '2005-06-08 09:12:33', 2),
('2005-06-01 07:41:42', 105, 95, '2005-06-07 11:42:12', 1),
('2005-06-01 09:12:14', 106, 96, '2005-06-08 13:23:33', 2),
('2005-06-01 10:42:33', 107, 97, '2005-06-07 15:12:42', 1),
('2005-06-01 12:12:23', 108, 98, '2005-06-08 17:41:12', 2),
('2005-06-01 13:41:42', 109, 99, '2005-06-07 19:23:42', 1),
('2005-06-01 15:12:14', 110, 100, '2005-06-08 21:12:33', 2),
('2005-06-01 16:42:33', 111, 1, '2005-06-07 23:42:12', 1),
('2005-06-01 18:12:23', 112, 2, '2005-06-09 01:23:33', 2),
('2005-06-01 19:41:42', 113, 3, '2005-06-07 03:12:42', 1),
('2005-06-01 21:12:14', 114, 4, '2005-06-08 05:41:12', 2),
('2005-06-01 22:42:33', 115, 5, '2005-06-07 07:23:42', 1),
('2005-06-02 00:12:23', 116, 6, '2005-06-09 09:12:33', 2),
('2005-06-02 01:41:42', 117, 7, '2005-06-07 11:42:12', 1),
('2005-06-02 03:12:14', 118, 8, '2005-06-09 13:23:33', 2),
('2005-06-02 04:42:33', 119, 9, '2005-06-07 15:12:42', 1),
('2005-06-02 06:12:23', 120, 10, '2005-06-09 17:41:12', 2),
('2005-06-02 08:42:33', 121, 11, '2005-06-08 10:12:42', 1),
('2005-06-02 10:12:23', 122, 12, '2005-06-09 12:23:33', 2),
('2005-06-02 11:41:42', 123, 13, '2005-06-08 14:42:12', 1),
('2005-06-02 13:12:14', 124, 14, '2005-06-09 16:12:33', 2),
('2005-06-02 14:42:33', 125, 15, '2005-06-08 18:23:42', 1),
('2005-06-02 16:12:23', 126, 16, '2005-06-09 20:41:12', 2),
('2005-06-02 17:41:42', 127, 17, '2005-06-08 22:12:33', 1),
('2005-06-02 19:12:14', 128, 18, '2005-06-10 00:23:42', 2),
('2005-06-02 20:42:33', 129, 19, '2005-06-08 02:42:12', 1),
('2005-06-02 22:12:23', 130, 20, '2005-06-10 04:12:33', 2),
('2005-06-03 01:41:42', 131, 21, '2005-06-09 06:23:42', 1),
('2005-06-03 03:12:14', 132, 22, '2005-06-10 08:41:12', 2),
('2005-06-03 04:42:33', 133, 23, '2005-06-09 10:12:42', 1),
('2005-06-03 06:12:23', 134, 24, '2005-06-10 12:23:33', 2),
('2005-06-03 07:41:42', 135, 25, '2005-06-09 14:42:12', 1),
('2005-06-03 09:12:14', 136, 26, '2005-06-10 16:12:33', 2),
('2005-06-03 10:42:33', 137, 27, '2005-06-09 18:23:42', 1),
('2005-06-03 12:12:23', 138, 28, '2005-06-10 20:41:12', 2),
('2005-06-03 13:41:42', 139, 29, '2005-06-09 22:12:33', 1),
('2005-06-03 15:12:14', 140, 30, '2005-06-11 00:23:42', 2),
('2005-06-03 16:42:33', 141, 31, '2005-06-09 02:42:12', 1),
('2005-06-03 18:12:23', 142, 32, '2005-06-10 04:12:33', 2),
('2005-06-03 19:41:42', 143, 33, '2005-06-09 06:23:42', 1),
('2005-06-03 21:12:14', 144, 34, '2005-06-10 08:41:12', 2),
('2005-06-03 22:42:33', 145, 35, '2005-06-09 10:12:42', 1),
('2005-06-04 00:12:23', 146, 36, '2005-06-11 12:23:33', 2),
('2005-06-04 01:41:42', 147, 37, '2005-06-09 14:42:12', 1),
('2005-06-04 03:12:14', 148, 38, '2005-06-11 16:12:33', 2),
('2005-06-04 04:42:33', 149, 39, '2005-06-09 18:23:42', 1),
('2005-06-04 06:12:23', 150, 40, '2005-06-11 20:41:12', 2),
('2005-06-15 01:12:42', 1, 41, '2005-06-21 03:42:12', 1),
('2005-06-15 02:41:23', 5, 42, '2005-06-22 05:12:33', 2),
('2005-06-15 04:12:33', 10, 43, '2005-06-21 07:23:42', 1),
('2005-06-15 05:42:14', 15, 44, '2005-06-22 09:41:12', 2),
('2005-06-15 07:12:42', 20, 45, '2005-06-21 11:12:42', 1),
('2005-06-15 08:41:23', 25, 46, '2005-06-22 13:23:33', 2),
('2005-06-15 10:12:33', 30, 47, '2005-06-21 15:42:12', 1),
('2005-06-15 11:42:14', 35, 48, '2005-06-22 17:12:33', 2),
('2005-06-15 13:12:42', 40, 49, '2005-06-21 19:23:42', 1),
('2005-06-15 14:41:23', 45, 50, '2005-06-22 21:41:12', 2),
('2005-06-15 16:12:33', 50, 51, '2005-06-21 23:12:33', 1),
('2005-06-15 17:42:14', 55, 52, '2005-06-23 01:23:42', 2),
('2005-06-15 19:12:42', 60, 53, '2005-06-21 03:42:12', 1),
('2005-06-15 20:41:23', 65, 54, '2005-06-23 05:12:33', 2),
('2005-06-15 22:12:33', 70, 55, '2005-06-21 07:23:42', 1),
('2005-06-15 23:42:14', 75, 56, '2005-06-23 09:41:12', 2),
('2005-06-16 01:12:42', 80, 57, '2005-06-22 11:12:42', 1),
('2005-06-16 02:41:23', 85, 58, '2005-06-23 13:23:33', 2),
('2005-06-16 04:12:33', 90, 59, '2005-06-22 15:42:12', 1),
('2005-06-16 05:42:14', 95, 60, '2005-06-23 17:12:33', 2),
('2005-06-16 07:12:42', 100, 61, '2005-06-22 19:23:42', 1),
('2005-06-16 08:41:23', 105, 62, '2005-06-23 21:41:12', 2),
('2005-06-16 10:12:33', 110, 63, '2005-06-22 23:12:33', 1),
('2005-06-16 11:42:14', 115, 64, '2005-06-24 01:23:42', 2),
('2005-06-16 13:12:42', 120, 65, '2005-06-22 03:42:12', 1),
('2005-06-16 14:41:23', 125, 66, '2005-06-24 05:12:33', 2),
('2005-06-16 16:12:33', 130, 67, '2005-06-22 07:23:42', 1),
('2005-06-16 17:42:14', 135, 68, '2005-06-24 09:41:12', 2),
('2005-06-16 19:12:42', 140, 69, '2005-06-22 11:12:42', 1),
('2005-06-16 20:41:23', 145, 70, '2005-06-24 13:23:33', 2),
('2005-06-17 01:12:42', 150, 71, '2005-06-23 15:42:12', 1),
('2005-06-17 02:41:23', 155, 72, '2005-06-24 17:12:33', 2),
('2005-06-17 04:12:33', 160, 73, '2005-06-23 19:23:42', 1),
('2005-06-17 05:42:14', 165, 74, '2005-06-24 21:41:12', 2),
('2005-06-17 07:12:42', 170, 75, '2005-06-23 23:12:33', 1),
('2005-06-17 08:41:23', 175, 76, '2005-06-25 01:23:42', 2),
('2005-06-17 10:12:33', 180, 77, '2005-06-23 03:42:12', 1),
('2005-06-17 11:42:14', 185, 78, '2005-06-25 05:12:33', 2),
('2005-06-17 13:12:42', 190, 79, '2005-06-23 07:23:42', 1),
('2005-06-17 14:41:23', 195, 80, '2005-06-25 09:41:12', 2),
('2005-06-17 16:12:33', 200, 81, '2005-06-23 11:12:42', 1),
('2005-06-17 17:42:14', 2, 82, '2005-06-25 13:23:33', 2),
('2005-06-17 19:12:42', 7, 83, '2005-06-23 15:42:12', 1),
('2005-06-17 20:41:23', 12, 84, '2005-06-25 17:12:33', 2),
('2005-06-17 22:12:33', 17, 85, '2005-06-23 19:23:42', 1),
('2005-06-17 23:42:14', 22, 86, '2005-06-25 21:41:12', 2),
('2005-06-18 01:12:42', 27, 87, '2005-06-23 23:12:33', 1),
('2005-06-18 02:41:23', 32, 88, '2005-06-26 01:23:42', 2),
('2005-06-18 04:12:33', 37, 89, '2005-06-24 03:42:12', 1),
('2005-06-18 05:42:14', 42, 90, '2005-06-26 05:12:33', 2),
('2005-06-18 07:12:42', 47, 91, '2005-06-24 07:23:42', 1),
('2005-06-18 08:41:23', 52, 92, '2005-06-26 09:41:12', 2),
('2005-06-18 10:12:33', 57, 93, '2005-06-24 11:12:42', 1),
('2005-06-18 11:42:14', 62, 94, '2005-06-26 13:23:33', 2),
('2005-06-18 13:12:42', 67, 95, '2005-06-24 15:42:12', 1),
('2005-06-18 14:41:23', 72, 96, '2005-06-26 17:12:33', 2),
('2005-06-18 16:12:33', 77, 97, '2005-06-24 19:23:42', 1),
('2005-06-18 17:42:14', 82, 98, '2005-06-26 21:41:12', 2),
('2005-06-18 19:12:42', 87, 99, '2005-06-24 23:12:33', 1),
('2005-06-18 20:41:23', 92, 100, '2005-06-27 01:23:42', 2),
('2005-07-01 01:23:42', 3, 1, '2005-07-07 03:42:12', 1),
('2005-07-01 02:42:14', 8, 2, '2005-07-08 05:12:33', 2),
('2005-07-01 04:12:33', 13, 3, '2005-07-07 07:23:42', 1),
('2005-07-01 05:41:23', 18, 4, '2005-07-08 09:41:12', 2),
('2005-07-01 07:12:42', 23, 5, '2005-07-07 11:12:42', 1),
('2005-07-01 08:42:14', 28, 6, '2005-07-08 13:23:33', 2),
('2005-07-01 10:12:33', 33, 7, '2005-07-07 15:42:12', 1),
('2005-07-01 11:41:23', 38, 8, '2005-07-08 17:12:33', 2),
('2005-07-01 13:12:42', 43, 9, '2005-07-07 19:23:42', 1),
('2005-07-01 14:42:14', 48, 10, '2005-07-08 21:41:12', 2),
('2005-07-01 16:12:33', 53, 11, '2005-07-07 23:12:33', 1),
('2005-07-01 17:41:23', 58, 12, '2005-07-09 01:23:42', 2),
('2005-07-01 19:12:42', 63, 13, '2005-07-07 03:42:12', 1),
('2005-07-01 20:42:14', 68, 14, '2005-07-09 05:12:33', 2),
('2005-07-01 22:12:33', 73, 15, '2005-07-07 07:23:42', 1),
('2005-07-01 23:41:23', 78, 16, '2005-07-09 09:41:12', 2),
('2005-07-02 01:12:42', 83, 17, '2005-07-08 11:12:42', 1),
('2005-07-02 02:42:14', 88, 18, '2005-07-09 13:23:33', 2),
('2005-07-02 04:12:33', 93, 19, '2005-07-08 15:42:12', 1),
('2005-07-02 05:41:23', 98, 20, '2005-07-09 17:12:33', 2),
('2005-07-02 07:12:42', 103, 21, '2005-07-08 19:23:42', 1),
('2005-07-02 08:42:14', 108, 22, '2005-07-09 21:41:12', 2),
('2005-07-02 10:12:33', 113, 23, '2005-07-08 23:12:33', 1),
('2005-07-02 11:41:23', 118, 24, '2005-07-10 01:23:42', 2),
('2005-07-02 13:12:42', 123, 25, '2005-07-08 03:42:12', 1),
('2005-07-02 14:42:14', 128, 26, '2005-07-10 05:12:33', 2),
('2005-07-02 16:12:33', 133, 27, '2005-07-08 07:23:42', 1),
('2005-07-02 17:41:23', 138, 28, '2005-07-10 09:41:12', 2),
('2005-07-02 19:12:42', 143, 29, '2005-07-08 11:12:42', 1),
('2005-07-02 20:42:14', 148, 30, '2005-07-10 13:23:33', 2),
('2005-07-03 01:12:33', 153, 31, '2005-07-09 15:42:12', 1),
('2005-07-03 02:41:23', 158, 32, '2005-07-10 17:12:33', 2),
('2005-07-03 04:12:42', 163, 33, '2005-07-09 19:23:42', 1),
('2005-07-03 05:42:14', 168, 34, '2005-07-10 21:41:12', 2),
('2005-07-03 07:12:33', 173, 35, '2005-07-09 23:12:33', 1),
('2005-07-03 08:41:23', 178, 36, '2005-07-11 01:23:42', 2),
('2005-07-03 10:12:42', 183, 37, '2005-07-09 03:42:12', 1),
('2005-07-03 11:42:14', 188, 38, '2005-07-11 05:12:33', 2),
('2005-07-03 13:12:33', 193, 39, '2005-07-09 07:23:42', 1),
('2005-07-03 14:41:23', 198, 40, '2005-07-11 09:41:12', 2),
('2005-07-05 01:12:42', 4, 41, '2005-07-11 03:42:12', 1),
('2005-07-05 02:41:23', 9, 42, '2005-07-12 05:12:33', 2),
('2005-07-05 04:12:33', 14, 43, '2005-07-11 07:23:42', 1),
('2005-07-05 05:42:14', 19, 44, '2005-07-12 09:41:12', 2),
('2005-07-05 07:12:42', 24, 45, '2005-07-11 11:12:42', 1),
('2005-07-05 08:41:23', 29, 46, '2005-07-12 13:23:33', 2),
('2005-07-05 10:12:33', 34, 47, '2005-07-11 15:42:12', 1),
('2005-07-05 11:42:14', 39, 48, '2005-07-12 17:12:33', 2),
('2005-07-05 13:12:42', 44, 49, '2005-07-11 19:23:42', 1),
('2005-07-05 14:41:23', 49, 50, '2005-07-12 21:41:12', 2),
('2005-07-05 16:12:33', 54, 51, '2005-07-11 23:12:33', 1),
('2005-07-05 17:42:14', 59, 52, '2005-07-13 01:23:42', 2),
('2005-07-05 19:12:42', 64, 53, '2005-07-11 03:42:12', 1),
('2005-07-05 20:41:23', 69, 54, '2005-07-13 05:12:33', 2),
('2005-07-05 22:12:33', 74, 55, '2005-07-11 07:23:42', 1),
('2005-07-05 23:42:14', 79, 56, '2005-07-13 09:41:12', 2),
('2005-07-06 01:12:42', 84, 57, '2005-07-12 11:12:42', 1),
('2005-07-06 02:41:23', 89, 58, '2005-07-13 13:23:33', 2),
('2005-07-06 04:12:33', 94, 59, '2005-07-12 15:42:12', 1),
('2005-07-06 05:42:14', 99, 60, '2005-07-13 17:12:33', 2),
('2005-07-06 07:12:42', 104, 61, '2005-07-12 19:23:42', 1),
('2005-07-06 08:41:23', 109, 62, '2005-07-13 21:41:12', 2),
('2005-07-06 10:12:33', 114, 63, '2005-07-12 23:12:33', 1),
('2005-07-06 11:42:14', 119, 64, '2005-07-14 01:23:42', 2),
('2005-07-06 13:12:42', 124, 65, '2005-07-12 03:42:12', 1),
('2005-07-06 14:41:23', 129, 66, '2005-07-14 05:12:33', 2),
('2005-07-06 16:12:33', 134, 67, '2005-07-12 07:23:42', 1),
('2005-07-06 17:42:14', 139, 68, '2005-07-14 09:41:12', 2),
('2005-07-06 19:12:42', 144, 69, '2005-07-12 11:12:42', 1),
('2005-07-06 20:41:23', 149, 70, '2005-07-14 13:23:33', 2),
('2005-07-07 01:12:33', 154, 71, '2005-07-13 15:42:12', 1),
('2005-07-07 02:41:23', 159, 72, '2005-07-14 17:12:33', 2),
('2005-07-07 04:12:42', 164, 73, '2005-07-13 19:23:42', 1),
('2005-07-07 05:42:14', 169, 74, '2005-07-14 21:41:12', 2),
('2005-07-07 07:12:33', 174, 75, '2005-07-13 23:12:33', 1),
('2005-07-07 08:41:23', 179, 76, '2005-07-15 01:23:42', 2),
('2005-07-07 10:12:42', 184, 77, '2005-07-13 03:42:12', 1),
('2005-07-07 11:42:14', 189, 78, '2005-07-15 05:12:33', 2),
('2005-07-07 13:12:33', 194, 79, '2005-07-13 07:23:42', 1),
('2005-07-07 14:41:23', 199, 80, '2005-07-15 09:41:12', 2),
('2005-07-08 01:12:42', 6, 81, '2005-07-14 03:42:12', 1),
('2005-07-08 02:41:23', 11, 82, '2005-07-15 05:12:33', 2),
('2005-07-08 04:12:33', 16, 83, '2005-07-14 07:23:42', 1),
('2005-07-08 05:42:14', 21, 84, '2005-07-15 09:41:12', 2),
('2005-07-08 07:12:42', 26, 85, '2005-07-14 11:12:42', 1),
('2005-07-08 08:41:23', 31, 86, '2005-07-15 13:23:33', 2),
('2005-07-08 10:12:33', 36, 87, '2005-07-14 15:42:12', 1),
('2005-07-08 11:42:14', 41, 88, '2005-07-15 17:12:33', 2),
('2005-07-08 13:12:42', 46, 89, '2005-07-14 19:23:42', 1),
('2005-07-08 14:41:23', 51, 90, '2005-07-15 21:41:12', 2),
('2005-07-08 16:12:33', 56, 91, '2005-07-14 23:12:33', 1),
('2005-07-08 17:42:14', 61, 92, '2005-07-16 01:23:42', 2),
('2005-07-08 19:12:42', 66, 93, '2005-07-14 03:42:12', 1),
('2005-07-08 20:41:23', 71, 94, '2005-07-16 05:12:33', 2),
('2005-07-08 22:12:33', 76, 95, '2005-07-14 07:23:42', 1),
('2005-07-08 23:42:14', 81, 96, '2005-07-16 09:41:12', 2),
('2005-07-09 01:12:42', 86, 97, '2005-07-15 11:12:42', 1),
('2005-07-09 02:41:23', 91, 98, '2005-07-16 13:23:33', 2),
('2005-07-09 04:12:33', 96, 99, '2005-07-15 15:42:12', 1),
('2005-07-09 05:42:14', 101, 100, '2005-07-16 17:12:33', 2),
('2005-07-20 01:12:42', 2, 1, '2005-07-26 03:42:12', 1),
('2005-07-20 02:41:23', 7, 5, '2005-07-27 05:12:33', 2),
('2005-07-20 04:12:33', 12, 10, '2005-07-26 07:23:42', 1),
('2005-07-20 05:42:14', 17, 15, '2005-07-27 09:41:12', 2),
('2005-07-20 07:12:42', 22, 20, '2005-07-26 11:12:42', 1),
('2005-07-20 08:41:23', 27, 25, '2005-07-27 13:23:33', 2),
('2005-07-20 10:12:33', 32, 30, '2005-07-26 15:42:12', 1),
('2005-07-20 11:42:14', 37, 35, '2005-07-27 17:12:33', 2),
('2005-07-20 13:12:42', 42, 40, '2005-07-26 19:23:42', 1),
('2005-07-20 14:41:23', 47, 45, '2005-07-27 21:41:12', 2),
('2005-07-20 16:12:33', 52, 50, '2005-07-26 23:12:33', 1),
('2005-07-20 17:42:14', 57, 55, '2005-07-28 01:23:42', 2),
('2005-07-20 19:12:42', 62, 60, '2005-07-26 03:42:12', 1),
('2005-07-20 20:41:23', 67, 65, '2005-07-28 05:12:33', 2),
('2005-07-20 22:12:33', 72, 70, '2005-07-26 07:23:42', 1),
('2005-07-20 23:42:14', 77, 75, '2005-07-28 09:41:12', 2),
('2005-07-21 01:12:42', 82, 80, '2005-07-27 11:12:42', 1),
('2005-07-21 02:41:23', 87, 85, '2005-07-28 13:23:33', 2),
('2005-07-21 04:12:33', 92, 90, '2005-07-27 15:42:12', 1),
('2005-07-21 05:42:14', 97, 95, '2005-07-28 17:12:33', 2),
('2005-07-21 07:12:42', 102, 100, '2005-07-27 19:23:42', 1),
('2005-07-21 08:41:23', 107, 3, '2005-07-28 21:41:12', 2),
('2005-07-21 10:12:33', 112, 8, '2005-07-27 23:12:33', 1),
('2005-07-21 11:42:14', 117, 13, '2005-07-29 01:23:42', 2),
('2005-07-21 13:12:42', 122, 18, '2005-07-27 03:42:12', 1),
('2005-07-21 14:41:23', 127, 23, '2005-07-29 05:12:33', 2),
('2005-07-21 16:12:33', 132, 28, '2005-07-27 07:23:42', 1),
('2005-07-21 17:42:14', 137, 33, '2005-07-29 09:41:12', 2),
('2005-07-21 19:12:42', 142, 38, '2005-07-27 11:12:42', 1),
('2005-07-21 20:41:23', 147, 43, '2005-07-29 13:23:33', 2),
('2005-08-01 01:12:42', 152, 48, '2005-08-07 15:42:12', 1),
('2005-08-01 02:41:23', 157, 53, '2005-08-08 17:12:33', 2),
('2005-08-01 04:12:33', 162, 58, '2005-08-07 19:23:42', 1),
('2005-08-01 05:42:14', 167, 63, '2005-08-08 21:41:12', 2),
('2005-08-01 07:12:42', 172, 68, '2005-08-07 23:12:33', 1),
('2005-08-01 08:41:23', 177, 73, '2005-08-09 01:23:42', 2),
('2005-08-01 10:12:33', 182, 78, '2005-08-07 03:42:12', 1),
('2005-08-01 11:42:14', 187, 83, '2005-08-09 05:12:33', 2),
('2005-08-01 13:12:42', 192, 88, '2005-08-07 07:23:42', 1),
('2005-08-01 14:41:23', 197, 93, '2005-08-09 09:41:12', 2),
('2005-08-01 16:12:33', 1, 98, '2005-08-07 11:12:42', 1),
('2005-08-01 17:42:14', 6, 2, '2005-08-09 13:23:33', 2),
('2005-08-01 19:12:42', 11, 7, '2005-08-07 15:42:12', 1),
('2005-08-01 20:41:23', 16, 12, '2005-08-09 17:12:33', 2),
('2005-08-01 22:12:33', 21, 17, '2005-08-07 19:23:42', 1),
('2005-08-01 23:42:14', 26, 22, '2005-08-09 21:41:12', 2),
('2005-08-02 01:12:42', 31, 27, '2005-08-07 23:12:33', 1),
('2005-08-02 02:41:23', 36, 32, '2005-08-10 01:23:42', 2),
('2005-08-02 04:12:33', 41, 37, '2005-08-08 03:42:12', 1),
('2005-08-02 05:42:14', 46, 42, '2005-08-10 05:12:33', 2),
('2005-08-02 07:12:42', 51, 47, '2005-08-08 07:23:42', 1),
('2005-08-02 08:41:23', 56, 52, '2005-08-10 09:41:12', 2),
('2005-08-02 10:12:33', 61, 57, '2005-08-08 11:12:42', 1),
('2005-08-02 11:42:14', 66, 62, '2005-08-10 13:23:33', 2),
('2005-08-02 13:12:42', 71, 67, '2005-08-08 15:42:12', 1),
('2005-08-02 14:41:23', 76, 72, '2005-08-10 17:12:33', 2),
('2005-08-02 16:12:33', 81, 77, '2005-08-08 19:23:42', 1),
('2005-08-02 17:42:14', 86, 82, '2005-08-10 21:41:12', 2),
('2005-08-02 19:12:42', 91, 87, '2005-08-08 23:12:33', 1),
('2005-08-02 20:41:23', 96, 92, '2005-08-11 01:23:42', 2),
('2005-08-03 01:12:33', 101, 97, '2005-08-09 03:42:12', 1),
('2005-08-03 02:41:23', 106, 1, '2005-08-10 05:12:33', 2),
('2005-08-03 04:12:42', 111, 6, '2005-08-09 07:23:42', 1),
('2005-08-03 05:42:14', 116, 11, '2005-08-10 09:41:12', 2),
('2005-08-03 07:12:33', 121, 16, '2005-08-09 11:12:42', 1),
('2005-08-03 08:41:23', 126, 21, '2005-08-10 13:23:33', 2),
('2005-08-03 10:12:42', 131, 26, '2005-08-09 15:42:12', 1),
('2005-08-03 11:42:14', 136, 31, '2005-08-10 17:12:33', 2),
('2005-08-03 13:12:33', 141, 36, '2005-08-09 19:23:42', 1),
('2005-08-03 14:41:23', 146, 41, '2005-08-10 21:41:12', 2),
('2005-08-03 16:12:42', 151, 46, '2005-08-09 23:12:33', 1),
('2005-08-03 17:42:14', 156, 51, '2005-08-11 01:23:42', 2),
('2005-08-03 19:12:33', 161, 56, '2005-08-09 03:42:12', 1),
('2005-08-03 20:41:23', 166, 61, '2005-08-11 05:12:33', 2),
('2005-08-03 22:12:42', 171, 66, '2005-08-09 07:23:42', 1),
('2005-08-03 23:42:14', 176, 71, '2005-08-11 09:41:12', 2),
('2005-08-04 01:12:33', 181, 76, '2005-08-10 11:12:42', 1),
('2005-08-04 02:41:23', 186, 81, '2005-08-11 13:23:33', 2),
('2005-08-04 04:12:42', 191, 86, '2005-08-10 15:42:12', 1),
('2005-08-04 05:42:14', 196, 91, '2005-08-11 17:12:33', 2),
('2005-08-04 07:12:33', 200, 96, '2005-08-10 19:23:42', 1),
('2005-08-04 08:41:23', 3, 99, '2005-08-11 21:41:12', 2),
('2005-08-04 10:12:42', 8, 4, '2005-08-10 23:12:33', 1),
('2005-08-04 11:42:14', 13, 9, '2005-08-12 01:23:42', 2),
('2005-08-04 13:12:33', 18, 14, '2005-08-10 03:42:12', 1),
('2005-08-04 14:41:23', 23, 19, '2005-08-12 05:12:33', 2),
('2005-08-04 16:12:42', 28, 24, '2005-08-10 07:23:42', 1),
('2005-08-04 17:42:14', 33, 29, '2005-08-12 09:41:12', 2),
('2005-08-04 19:12:33', 38, 34, '2005-08-10 11:12:42', 1),
('2005-08-04 20:41:23', 43, 39, '2005-08-12 13:23:33', 2),
('2005-08-04 22:12:42', 48, 44, '2005-08-10 15:42:12', 1),
('2005-08-04 23:42:14', 53, 49, '2005-08-12 17:12:33', 2),
('2005-08-05 01:12:33', 58, 54, '2005-08-11 19:23:42', 1),
('2005-08-05 02:41:23', 63, 59, '2005-08-12 21:41:12', 2),
('2005-08-05 04:12:42', 68, 64, '2005-08-11 23:12:33', 1),
('2005-08-05 05:42:14', 73, 69, '2005-08-13 01:23:42', 2),
('2005-08-05 07:12:33', 78, 74, '2005-08-11 03:42:12', 1),
('2005-08-05 08:41:23', 83, 79, '2005-08-13 05:12:33', 2),
('2005-08-05 10:12:42', 88, 84, '2005-08-11 07:23:42', 1),
('2005-08-05 11:42:14', 93, 89, '2005-08-13 09:41:12', 2),
('2005-08-05 13:12:33', 98, 94, '2005-08-11 11:12:42', 1),
('2005-08-05 14:41:23', 103, 99, '2005-08-13 13:23:33', 2),
('2005-08-06 01:12:42', 108, 3, '2005-08-12 03:42:12', 1),
('2005-08-06 02:41:23', 113, 8, '2005-08-13 05:12:33', 2),
('2005-08-06 04:12:33', 118, 13, '2005-08-12 07:23:42', 1),
('2005-08-06 05:42:14', 123, 18, '2005-08-13 09:41:12', 2),
('2005-08-06 07:12:42', 128, 23, '2005-08-12 11:12:42', 1),
('2005-08-06 08:41:23', 133, 28, '2005-08-13 13:23:33', 2),
('2005-08-06 10:12:33', 138, 33, '2005-08-12 15:42:12', 1),
('2005-08-06 11:42:14', 143, 38, '2005-08-13 17:12:33', 2),
('2005-08-06 13:12:42', 148, 43, '2005-08-12 19:23:42', 1),
('2005-08-06 14:41:23', 153, 48, '2005-08-13 21:41:12', 2),
('2005-08-06 16:12:33', 158, 53, '2005-08-12 23:12:33', 1),
('2005-08-06 17:42:14', 163, 58, '2005-08-14 01:23:42', 2),
('2005-08-06 19:12:42', 168, 63, '2005-08-12 03:42:12', 1),
('2005-08-06 20:41:23', 173, 68, '2005-08-14 05:12:33', 2),
('2005-08-06 22:12:33', 178, 73, '2005-08-12 07:23:42', 1),
('2005-08-06 23:42:14', 183, 78, '2005-08-14 09:41:12', 2),
('2005-08-07 01:12:42', 188, 83, '2005-08-13 11:12:42', 1),
('2005-08-07 02:41:23', 193, 88, '2005-08-14 13:23:33', 2),
('2005-08-07 04:12:33', 198, 93, '2005-08-13 15:42:12', 1),
('2005-08-07 05:42:14', 200, 98, '2005-08-14 17:12:33', 2),
('2005-08-07 07:12:42', 5, 2, '2005-08-13 19:23:42', 1),
('2005-08-07 08:41:23', 10, 7, '2005-08-14 21:41:12', 2),
('2005-08-07 10:12:33', 15, 12, '2005-08-13 23:12:33', 1),
('2005-08-07 11:42:14', 20, 17, '2005-08-15 01:23:42', 2),
('2005-08-07 13:12:42', 25, 22, '2005-08-13 03:42:12', 1),
('2005-08-07 14:41:23', 30, 27, '2005-08-15 05:12:33', 2),
('2005-08-07 16:12:33', 35, 32, '2005-08-13 07:23:42', 1),
('2005-08-07 17:42:14', 40, 37, '2005-08-15 09:41:12', 2),
('2005-08-07 19:12:42', 45, 42, '2005-08-13 11:12:42', 1),
('2005-08-07 20:41:23', 50, 47, '2005-08-15 13:23:33', 2),
('2005-08-08 01:12:33', 55, 52, '2005-08-14 15:42:12', 1),
('2005-08-08 02:41:23', 60, 57, '2005-08-15 17:12:33', 2),
('2005-08-08 04:12:42', 65, 62, '2005-08-14 19:23:42', 1),
('2005-08-08 05:42:14', 70, 67, '2005-08-15 21:41:12', 2),
('2005-08-08 07:12:33', 75, 72, '2005-08-14 23:12:33', 1),
('2005-08-08 08:41:23', 80, 77, '2005-08-16 01:23:42', 2),
('2005-08-08 10:12:42', 85, 82, '2005-08-14 03:42:12', 1),
('2005-08-08 11:42:14', 90, 87, '2005-08-16 05:12:33', 2),
('2005-08-08 13:12:33', 95, 92, '2005-08-14 07:23:42', 1),
('2005-08-08 14:41:23', 100, 97, '2005-08-16 09:41:12', 2),
('2005-08-09 01:12:42', 105, 1, '2005-08-15 11:12:42', 1),
('2005-08-09 02:41:23', 110, 6, '2005-08-16 13:23:33', 2),
('2005-08-09 04:12:33', 115, 11, '2005-08-15 15:42:12', 1),
('2005-08-09 05:42:14', 120, 16, '2005-08-16 17:12:33', 2),
('2005-08-09 07:12:42', 125, 21, '2005-08-15 19:23:42', 1),
('2005-08-09 08:41:23', 130, 26, '2005-08-16 21:41:12', 2),
('2005-08-09 10:12:33', 135, 31, '2005-08-15 23:12:33', 1),
('2005-08-09 11:42:14', 140, 36, '2005-08-17 01:23:42', 2),
('2005-08-09 13:12:42', 145, 41, '2005-08-15 03:42:12', 1),
('2005-08-09 14:41:23', 150, 46, '2005-08-17 05:12:33', 2),
('2005-08-09 16:12:33', 155, 51, '2005-08-15 07:23:42', 1),
('2005-08-09 17:42:14', 160, 56, '2005-08-17 09:41:12', 2),
('2005-08-09 19:12:42', 165, 61, '2005-08-15 11:12:42', 1),
('2005-08-09 20:41:23', 170, 66, '2005-08-17 13:23:33', 2),
('2005-08-09 22:12:33', 175, 71, '2005-08-15 15:42:12', 1),
('2005-08-09 23:42:14', 180, 76, '2005-08-17 17:12:33', 2),
('2005-08-10 01:12:42', 185, 81, '2005-08-16 19:23:42', 1),
('2005-08-10 02:41:23', 190, 86, '2005-08-17 21:41:12', 2),
('2005-08-10 04:12:33', 195, 91, '2005-08-16 23:12:33', 1),
('2005-08-10 05:42:14', 199, 96, '2005-08-18 01:23:42', 2),
('2005-08-10 07:12:42', 4, 100, '2005-08-16 03:42:12', 1),
('2005-08-10 08:41:23', 9, 5, '2005-08-18 05:12:33', 2),
('2005-08-10 10:12:33', 14, 10, '2005-08-16 07:23:42', 1),
('2005-08-10 11:42:14', 19, 15, '2005-08-18 09:41:12', 2),
('2005-08-10 13:12:42', 24, 20, '2005-08-16 11:12:42', 1),
('2005-08-10 14:41:23', 29, 25, '2005-08-18 13:23:33', 2),
('2005-08-10 16:12:33', 34, 30, '2005-08-16 15:42:12', 1),
('2005-08-10 17:42:14', 39, 35, '2005-08-18 17:12:33', 2),
('2005-08-10 19:12:42', 44, 40, '2005-08-16 19:23:42', 1),
('2005-08-10 20:41:23', 49, 45, '2005-08-18 21:41:12', 2),
('2005-08-11 01:12:33', 54, 50, '2005-08-17 23:12:33', 1),
('2005-08-11 02:41:23', 59, 55, '2005-08-19 01:23:42', 2),
('2005-08-11 04:12:42', 64, 60, '2005-08-17 03:42:12', 1),
('2005-08-11 05:42:14', 69, 65, '2005-08-19 05:12:33', 2),
('2005-08-11 07:12:33', 74, 70, '2005-08-17 07:23:42', 1),
('2005-08-11 08:41:23', 79, 75, '2005-08-19 09:41:12', 2),
('2005-08-11 10:12:42', 84, 80, '2005-08-17 11:12:42', 1),
('2005-08-11 11:42:14', 89, 85, '2005-08-19 13:23:33', 2),
('2005-08-11 13:12:33', 94, 90, '2005-08-17 15:42:12', 1),
('2005-08-11 14:41:23', 99, 95, '2005-08-19 17:12:33', 2),
('2005-08-11 16:12:42', 104, 100, '2005-08-17 19:23:42', 1),
('2005-08-11 17:42:14', 109, 4, '2005-08-19 21:41:12', 2),
('2005-08-11 19:12:33', 114, 9, '2005-08-17 23:12:33', 1),
('2005-08-11 20:41:23', 119, 14, '2005-08-20 01:23:42', 2),
('2005-08-11 22:12:42', 124, 19, '2005-08-18 03:42:12', 1),
('2005-08-11 23:42:14', 129, 24, '2005-08-20 05:12:33', 2),
('2005-08-12 01:12:33', 134, 29, '2005-08-18 07:23:42', 1),
('2005-08-12 02:41:23', 139, 34, '2005-08-20 09:41:12', 2);

-- ---------------------------------------------------------------------------
-- Payments (500 rows) — customer_id 1-100, staff_id 1-2, rental_id 1-500
-- Each payment corresponds to the rental with the same ID.
-- ---------------------------------------------------------------------------

INSERT INTO payment (customer_id, staff_id, rental_id, amount, payment_date) VALUES
(1, 1, 1, 2.99, '2005-05-25 11:30:37'),
(1, 1, 2, 0.99, '2005-05-28 10:35:23'),
(2, 2, 3, 5.99, '2005-06-15 00:54:12'),
(2, 1, 4, 0.99, '2005-06-15 18:02:53'),
(3, 2, 5, 9.99, '2005-06-15 21:08:46'),
(3, 1, 6, 4.99, '2005-06-16 15:18:57'),
(4, 2, 7, 4.99, '2005-06-18 08:41:48'),
(4, 1, 8, 4.99, '2005-06-18 13:33:11'),
(5, 2, 9, 3.99, '2005-06-19 09:14:42'),
(5, 1, 10, 2.99, '2005-06-17 23:51:21'),
(6, 2, 11, 7.99, '2005-06-20 12:31:07'),
(6, 1, 12, 4.99, '2005-06-16 20:43:25'),
(7, 2, 13, 1.99, '2005-06-21 06:24:45'),
(7, 1, 14, 5.99, '2005-06-17 02:11:13'),
(8, 2, 15, 2.99, '2005-06-22 03:36:48'),
(8, 1, 16, 8.99, '2005-06-17 08:35:42'),
(9, 2, 17, 0.99, '2005-06-21 17:33:11'),
(9, 1, 18, 6.99, '2005-06-18 01:38:22'),
(10, 2, 19, 4.99, '2005-06-22 15:42:58'),
(10, 1, 20, 2.99, '2005-06-18 08:10:33'),
(11, 1, 21, 4.99, '2005-06-19 12:14:33'),
(12, 2, 22, 0.99, '2005-06-20 08:42:51'),
(13, 1, 23, 2.99, '2005-06-19 10:23:17'),
(14, 2, 24, 5.99, '2005-06-21 12:41:22'),
(15, 1, 25, 4.99, '2005-06-22 15:23:41'),
(16, 2, 26, 0.99, '2005-06-20 14:12:33'),
(17, 1, 27, 2.99, '2005-06-19 16:45:22'),
(18, 2, 28, 7.99, '2005-06-21 09:23:41'),
(19, 1, 29, 3.99, '2005-06-20 18:41:12'),
(20, 2, 30, 4.99, '2005-06-22 11:12:33'),
(21, 1, 31, 0.99, '2005-06-19 19:42:11'),
(22, 2, 32, 9.99, '2005-06-21 14:23:42'),
(23, 1, 33, 2.99, '2005-06-20 21:12:45'),
(24, 2, 34, 4.99, '2005-06-22 08:34:21'),
(25, 1, 35, 5.99, '2005-06-19 23:41:12'),
(26, 2, 36, 0.99, '2005-06-21 03:12:42'),
(27, 1, 37, 1.99, '2005-06-20 05:23:41'),
(28, 2, 38, 6.99, '2005-06-22 07:41:23'),
(29, 1, 39, 2.99, '2005-06-19 09:12:42'),
(30, 2, 40, 4.99, '2005-06-21 11:23:42'),
(31, 1, 41, 0.99, '2005-06-20 13:42:11'),
(32, 2, 42, 3.99, '2005-06-22 15:12:33'),
(33, 1, 43, 2.99, '2005-06-19 17:23:42'),
(34, 2, 44, 5.99, '2005-06-21 19:41:12'),
(35, 1, 45, 4.99, '2005-06-20 21:12:33'),
(36, 2, 46, 0.99, '2005-06-22 23:23:42'),
(37, 1, 47, 7.99, '2005-06-19 01:42:12'),
(38, 2, 48, 2.99, '2005-06-21 04:12:33'),
(39, 1, 49, 4.99, '2005-06-20 06:23:42'),
(40, 2, 50, 0.99, '2005-06-22 08:41:12'),
(41, 1, 51, 2.99, '2005-06-21 10:12:42'),
(42, 2, 52, 5.99, '2005-06-23 12:23:33'),
(43, 1, 53, 4.99, '2005-06-20 14:42:12'),
(44, 2, 54, 0.99, '2005-06-22 16:12:33'),
(45, 1, 55, 9.99, '2005-06-21 18:23:42'),
(46, 2, 56, 2.99, '2005-06-23 20:41:12'),
(47, 1, 57, 4.99, '2005-06-20 22:12:33'),
(48, 2, 58, 0.99, '2005-06-22 00:23:42'),
(49, 1, 59, 3.99, '2005-06-21 02:42:12'),
(50, 2, 60, 6.99, '2005-06-23 04:12:33'),
(51, 1, 61, 4.99, '2005-06-20 06:23:42'),
(52, 2, 62, 0.99, '2005-06-22 08:41:12'),
(53, 1, 63, 2.99, '2005-06-21 10:12:42'),
(54, 2, 64, 7.99, '2005-06-23 12:23:33'),
(55, 1, 65, 4.99, '2005-06-20 14:42:12'),
(56, 2, 66, 0.99, '2005-06-22 16:12:33'),
(57, 1, 67, 5.99, '2005-06-21 18:23:42'),
(58, 2, 68, 2.99, '2005-06-23 20:41:12'),
(59, 1, 69, 4.99, '2005-06-20 22:12:33'),
(60, 2, 70, 0.99, '2005-06-22 00:23:42'),
(61, 1, 71, 8.99, '2005-06-21 02:42:12'),
(62, 2, 72, 4.99, '2005-06-23 04:12:33'),
(63, 1, 73, 0.99, '2005-06-20 06:23:42'),
(64, 2, 74, 2.99, '2005-06-22 08:41:12'),
(65, 1, 75, 5.99, '2005-06-21 10:12:42'),
(66, 2, 76, 4.99, '2005-06-23 12:23:33'),
(67, 1, 77, 0.99, '2005-06-20 14:42:12'),
(68, 2, 78, 3.99, '2005-06-22 16:12:33'),
(69, 1, 79, 2.99, '2005-06-21 18:23:42'),
(70, 2, 80, 6.99, '2005-06-23 20:41:12'),
(71, 1, 81, 4.99, '2005-06-22 02:42:12'),
(72, 2, 82, 0.99, '2005-06-24 04:12:33'),
(73, 1, 83, 2.99, '2005-06-21 06:23:42'),
(74, 2, 84, 5.99, '2005-06-23 08:41:12'),
(75, 1, 85, 4.99, '2005-06-22 10:12:42'),
(76, 2, 86, 0.99, '2005-06-24 12:23:33'),
(77, 1, 87, 7.99, '2005-06-21 14:42:12'),
(78, 2, 88, 2.99, '2005-06-23 16:12:33'),
(79, 1, 89, 4.99, '2005-06-22 18:23:42'),
(80, 2, 90, 0.99, '2005-06-24 20:41:12'),
(81, 1, 91, 3.99, '2005-06-21 22:12:33'),
(82, 2, 92, 4.99, '2005-06-23 00:23:42'),
(83, 1, 93, 0.99, '2005-06-22 02:42:12'),
(84, 2, 94, 2.99, '2005-06-24 04:12:33'),
(85, 1, 95, 5.99, '2005-06-21 06:23:42'),
(86, 2, 96, 4.99, '2005-06-23 08:41:12'),
(87, 1, 97, 0.99, '2005-06-22 10:12:42'),
(88, 2, 98, 9.99, '2005-06-24 12:23:33'),
(89, 1, 99, 2.99, '2005-06-21 14:42:12'),
(90, 2, 100, 4.99, '2005-06-23 16:12:33'),
(91, 1, 101, 0.99, '2005-06-25 03:12:33'),
(92, 2, 102, 5.99, '2005-06-26 05:41:12'),
(93, 1, 103, 2.99, '2005-06-25 07:23:42'),
(94, 2, 104, 4.99, '2005-06-26 09:12:33'),
(95, 1, 105, 0.99, '2005-06-25 11:42:12'),
(96, 2, 106, 7.99, '2005-06-26 13:23:33'),
(97, 1, 107, 4.99, '2005-06-25 15:12:42'),
(98, 2, 108, 2.99, '2005-06-26 17:41:12'),
(99, 1, 109, 0.99, '2005-06-25 19:23:42'),
(100, 2, 110, 3.99, '2005-06-26 21:12:33'),
(1, 1, 111, 4.99, '2005-06-25 23:42:12'),
(2, 2, 112, 0.99, '2005-06-27 01:23:33'),
(3, 1, 113, 2.99, '2005-06-25 03:12:42'),
(4, 2, 114, 5.99, '2005-06-26 05:41:12'),
(5, 1, 115, 4.99, '2005-06-25 07:23:42'),
(6, 2, 116, 0.99, '2005-06-27 09:12:33'),
(7, 1, 117, 6.99, '2005-06-25 11:42:12'),
(8, 2, 118, 2.99, '2005-06-27 13:23:33'),
(9, 1, 119, 4.99, '2005-06-25 15:12:42'),
(10, 2, 120, 0.99, '2005-06-27 17:41:12'),
(11, 1, 121, 2.99, '2005-06-26 10:12:42'),
(12, 2, 122, 4.99, '2005-06-27 12:23:33'),
(13, 1, 123, 0.99, '2005-06-26 14:42:12'),
(14, 2, 124, 5.99, '2005-06-27 16:12:33'),
(15, 1, 125, 2.99, '2005-06-26 18:23:42'),
(16, 2, 126, 4.99, '2005-06-27 20:41:12'),
(17, 1, 127, 0.99, '2005-06-26 22:12:33'),
(18, 2, 128, 7.99, '2005-06-28 00:23:42'),
(19, 1, 129, 2.99, '2005-06-26 02:42:12'),
(20, 2, 130, 4.99, '2005-06-28 04:12:33'),
(21, 1, 131, 0.99, '2005-06-27 06:23:42'),
(22, 2, 132, 3.99, '2005-06-28 08:41:12'),
(23, 1, 133, 2.99, '2005-06-27 10:12:42'),
(24, 2, 134, 4.99, '2005-06-28 12:23:33'),
(25, 1, 135, 0.99, '2005-06-27 14:42:12'),
(26, 2, 136, 5.99, '2005-06-28 16:12:33'),
(27, 1, 137, 4.99, '2005-06-27 18:23:42'),
(28, 2, 138, 0.99, '2005-06-28 20:41:12'),
(29, 1, 139, 2.99, '2005-06-27 22:12:33'),
(30, 2, 140, 8.99, '2005-06-29 00:23:42'),
(31, 1, 141, 4.99, '2005-06-27 02:42:12'),
(32, 2, 142, 0.99, '2005-06-28 04:12:33'),
(33, 1, 143, 2.99, '2005-06-27 06:23:42'),
(34, 2, 144, 4.99, '2005-06-28 08:41:12'),
(35, 1, 145, 0.99, '2005-06-27 10:12:42'),
(36, 2, 146, 6.99, '2005-06-29 12:23:33'),
(37, 1, 147, 2.99, '2005-06-27 14:42:12'),
(38, 2, 148, 4.99, '2005-06-29 16:12:33'),
(39, 1, 149, 0.99, '2005-06-27 18:23:42'),
(40, 2, 150, 5.99, '2005-06-29 20:41:12'),
(41, 1, 151, 2.99, '2005-07-02 03:42:12'),
(42, 2, 152, 4.99, '2005-07-03 05:12:33'),
(43, 1, 153, 0.99, '2005-07-02 07:23:42'),
(44, 2, 154, 7.99, '2005-07-03 09:41:12'),
(45, 1, 155, 2.99, '2005-07-02 11:12:42'),
(46, 2, 156, 4.99, '2005-07-03 13:23:33'),
(47, 1, 157, 0.99, '2005-07-02 15:42:12'),
(48, 2, 158, 3.99, '2005-07-03 17:12:33'),
(49, 1, 159, 2.99, '2005-07-02 19:23:42'),
(50, 2, 160, 4.99, '2005-07-03 21:41:12'),
(51, 1, 161, 0.99, '2005-07-02 23:12:33'),
(52, 2, 162, 5.99, '2005-07-04 01:23:42'),
(53, 1, 163, 4.99, '2005-07-02 03:42:12'),
(54, 2, 164, 0.99, '2005-07-04 05:12:33'),
(55, 1, 165, 2.99, '2005-07-02 07:23:42'),
(56, 2, 166, 4.99, '2005-07-04 09:41:12'),
(57, 1, 167, 0.99, '2005-07-03 11:12:42'),
(58, 2, 168, 6.99, '2005-07-04 13:23:33'),
(59, 1, 169, 2.99, '2005-07-03 15:42:12'),
(60, 2, 170, 4.99, '2005-07-04 17:12:33'),
(61, 1, 171, 0.99, '2005-07-03 19:23:42'),
(62, 2, 172, 2.99, '2005-07-04 21:41:12'),
(63, 1, 173, 4.99, '2005-07-03 23:12:33'),
(64, 2, 174, 0.99, '2005-07-05 01:23:42'),
(65, 1, 175, 7.99, '2005-07-03 03:42:12'),
(66, 2, 176, 2.99, '2005-07-05 05:12:33'),
(67, 1, 177, 4.99, '2005-07-03 07:23:42'),
(68, 2, 178, 0.99, '2005-07-05 09:41:12'),
(69, 1, 179, 5.99, '2005-07-03 11:12:42'),
(70, 2, 180, 4.99, '2005-07-05 13:23:33'),
(71, 1, 181, 0.99, '2005-07-04 15:42:12'),
(72, 2, 182, 2.99, '2005-07-05 17:12:33'),
(73, 1, 183, 4.99, '2005-07-04 19:23:42'),
(74, 2, 184, 0.99, '2005-07-05 21:41:12'),
(75, 1, 185, 3.99, '2005-07-04 23:12:33'),
(76, 2, 186, 4.99, '2005-07-06 01:23:42'),
(77, 1, 187, 0.99, '2005-07-04 03:42:12'),
(78, 2, 188, 2.99, '2005-07-06 05:12:33'),
(79, 1, 189, 4.99, '2005-07-04 07:23:42'),
(80, 2, 190, 0.99, '2005-07-06 09:41:12'),
(81, 1, 191, 9.99, '2005-07-04 11:12:42'),
(82, 2, 192, 2.99, '2005-07-06 13:23:33'),
(83, 1, 193, 4.99, '2005-07-04 15:42:12'),
(84, 2, 194, 0.99, '2005-07-06 17:12:33'),
(85, 1, 195, 5.99, '2005-07-04 19:23:42'),
(86, 2, 196, 4.99, '2005-07-06 21:41:12'),
(87, 1, 197, 0.99, '2005-07-04 23:12:33'),
(88, 2, 198, 2.99, '2005-07-07 01:23:42'),
(89, 1, 199, 4.99, '2005-07-05 03:42:12'),
(90, 2, 200, 0.99, '2005-07-07 05:12:33'),
(91, 1, 201, 7.99, '2005-07-05 07:23:42'),
(92, 2, 202, 2.99, '2005-07-07 09:41:12'),
(93, 1, 203, 4.99, '2005-07-05 11:12:42'),
(94, 2, 204, 0.99, '2005-07-07 13:23:33'),
(95, 1, 205, 3.99, '2005-07-05 15:42:12'),
(96, 2, 206, 4.99, '2005-07-07 17:12:33'),
(97, 1, 207, 0.99, '2005-07-05 19:23:42'),
(98, 2, 208, 6.99, '2005-07-07 21:41:12'),
(99, 1, 209, 2.99, '2005-07-05 23:12:33'),
(100, 2, 210, 4.99, '2005-07-08 01:23:42'),
(1, 1, 211, 0.99, '2005-07-05 03:42:12'),
(2, 2, 212, 2.99, '2005-07-08 05:12:33'),
(3, 1, 213, 4.99, '2005-07-05 07:23:42'),
(4, 2, 214, 0.99, '2005-07-08 09:41:12'),
(5, 1, 215, 5.99, '2005-07-05 11:12:42'),
(6, 2, 216, 4.99, '2005-07-08 13:23:33'),
(7, 1, 217, 0.99, '2005-07-05 15:42:12'),
(8, 2, 218, 2.99, '2005-07-08 17:12:33'),
(9, 1, 219, 4.99, '2005-07-05 19:23:42'),
(10, 2, 220, 0.99, '2005-07-08 21:41:12'),
(11, 1, 221, 8.99, '2005-07-06 10:12:42'),
(12, 2, 222, 2.99, '2005-07-07 12:23:33'),
(13, 1, 223, 4.99, '2005-07-06 14:42:12'),
(14, 2, 224, 0.99, '2005-07-07 16:12:33'),
(15, 1, 225, 2.99, '2005-07-06 18:23:42'),
(16, 2, 226, 4.99, '2005-07-07 20:41:12'),
(17, 1, 227, 0.99, '2005-07-06 22:12:33'),
(18, 2, 228, 5.99, '2005-07-08 00:23:42'),
(19, 1, 229, 4.99, '2005-07-06 02:42:12'),
(20, 2, 230, 0.99, '2005-07-08 04:12:33'),
(21, 1, 231, 2.99, '2005-07-07 06:23:42'),
(22, 2, 232, 4.99, '2005-07-08 08:41:12'),
(23, 1, 233, 0.99, '2005-07-07 10:12:42'),
(24, 2, 234, 7.99, '2005-07-08 12:23:33'),
(25, 1, 235, 2.99, '2005-07-07 14:42:12'),
(26, 2, 236, 4.99, '2005-07-08 16:12:33'),
(27, 1, 237, 0.99, '2005-07-07 18:23:42'),
(28, 2, 238, 3.99, '2005-07-08 20:41:12'),
(29, 1, 239, 2.99, '2005-07-07 22:12:33'),
(30, 2, 240, 4.99, '2005-07-09 00:23:42'),
(31, 1, 241, 0.99, '2005-07-07 02:42:12'),
(32, 2, 242, 6.99, '2005-07-08 04:12:33'),
(33, 1, 243, 4.99, '2005-07-07 06:23:42'),
(34, 2, 244, 0.99, '2005-07-08 08:41:12'),
(35, 1, 245, 2.99, '2005-07-07 10:12:42'),
(36, 2, 246, 4.99, '2005-07-09 12:23:33'),
(37, 1, 247, 0.99, '2005-07-07 14:42:12'),
(38, 2, 248, 5.99, '2005-07-09 16:12:33'),
(39, 1, 249, 2.99, '2005-07-07 18:23:42'),
(40, 2, 250, 4.99, '2005-07-09 20:41:12'),
(41, 1, 251, 0.99, '2005-07-09 03:42:12'),
(42, 2, 252, 2.99, '2005-07-10 05:12:33'),
(43, 1, 253, 4.99, '2005-07-09 07:23:42'),
(44, 2, 254, 0.99, '2005-07-10 09:41:12'),
(45, 1, 255, 7.99, '2005-07-09 11:12:42'),
(46, 2, 256, 2.99, '2005-07-10 13:23:33'),
(47, 1, 257, 4.99, '2005-07-09 15:42:12'),
(48, 2, 258, 0.99, '2005-07-10 17:12:33'),
(49, 1, 259, 3.99, '2005-07-09 19:23:42'),
(50, 2, 260, 4.99, '2005-07-10 21:41:12'),
(51, 1, 261, 0.99, '2005-07-09 23:12:33'),
(52, 2, 262, 2.99, '2005-07-11 01:23:42'),
(53, 1, 263, 4.99, '2005-07-09 03:42:12'),
(54, 2, 264, 0.99, '2005-07-11 05:12:33'),
(55, 1, 265, 5.99, '2005-07-09 07:23:42'),
(56, 2, 266, 4.99, '2005-07-11 09:41:12'),
(57, 1, 267, 0.99, '2005-07-10 11:12:42'),
(58, 2, 268, 2.99, '2005-07-11 13:23:33'),
(59, 1, 269, 4.99, '2005-07-10 15:42:12'),
(60, 2, 270, 0.99, '2005-07-11 17:12:33'),
(61, 1, 271, 6.99, '2005-07-10 19:23:42'),
(62, 2, 272, 4.99, '2005-07-11 21:41:12'),
(63, 1, 273, 0.99, '2005-07-10 23:12:33'),
(64, 2, 274, 2.99, '2005-07-12 01:23:42'),
(65, 1, 275, 4.99, '2005-07-10 03:42:12'),
(66, 2, 276, 0.99, '2005-07-12 05:12:33'),
(67, 1, 277, 8.99, '2005-07-10 07:23:42'),
(68, 2, 278, 2.99, '2005-07-12 09:41:12'),
(69, 1, 279, 4.99, '2005-07-10 11:12:42'),
(70, 2, 280, 0.99, '2005-07-12 13:23:33'),
(71, 1, 281, 2.99, '2005-07-11 15:42:12'),
(72, 2, 282, 4.99, '2005-07-12 17:12:33'),
(73, 1, 283, 0.99, '2005-07-11 19:23:42'),
(74, 2, 284, 5.99, '2005-07-12 21:41:12'),
(75, 1, 285, 4.99, '2005-07-11 23:12:33'),
(76, 2, 286, 0.99, '2005-07-13 01:23:42'),
(77, 1, 287, 2.99, '2005-07-11 03:42:12'),
(78, 2, 288, 4.99, '2005-07-13 05:12:33'),
(79, 1, 289, 0.99, '2005-07-11 07:23:42'),
(80, 2, 290, 7.99, '2005-07-13 09:41:12'),
(81, 1, 291, 2.99, '2005-07-12 03:42:12'),
(82, 2, 292, 4.99, '2005-07-13 05:12:33'),
(83, 1, 293, 0.99, '2005-07-12 07:23:42'),
(84, 2, 294, 3.99, '2005-07-13 09:41:12'),
(85, 1, 295, 2.99, '2005-07-12 11:12:42'),
(86, 2, 296, 4.99, '2005-07-13 13:23:33'),
(87, 1, 297, 0.99, '2005-07-12 15:42:12'),
(88, 2, 298, 6.99, '2005-07-13 17:12:33'),
(89, 1, 299, 2.99, '2005-07-12 19:23:42'),
(90, 2, 300, 4.99, '2005-07-13 21:41:12'),
(91, 1, 301, 0.99, '2005-07-12 23:12:33'),
(92, 2, 302, 2.99, '2005-07-14 01:23:42'),
(93, 1, 303, 4.99, '2005-07-12 03:42:12'),
(94, 2, 304, 0.99, '2005-07-14 05:12:33'),
(95, 1, 305, 5.99, '2005-07-12 07:23:42'),
(96, 2, 306, 4.99, '2005-07-14 09:41:12'),
(97, 1, 307, 0.99, '2005-07-12 11:12:42'),
(98, 2, 308, 2.99, '2005-07-14 13:23:33'),
(99, 1, 309, 4.99, '2005-07-12 15:42:12'),
(100, 2, 310, 0.99, '2005-07-14 17:12:33'),
(1, 1, 311, 2.99, '2005-07-22 03:42:12'),
(5, 2, 312, 4.99, '2005-07-23 05:12:33'),
(10, 1, 313, 0.99, '2005-07-22 07:23:42'),
(15, 2, 314, 5.99, '2005-07-23 09:41:12'),
(20, 1, 315, 4.99, '2005-07-22 11:12:42'),
(25, 2, 316, 0.99, '2005-07-23 13:23:33'),
(30, 1, 317, 2.99, '2005-07-22 15:42:12'),
(35, 2, 318, 4.99, '2005-07-23 17:12:33'),
(40, 1, 319, 0.99, '2005-07-22 19:23:42'),
(45, 2, 320, 7.99, '2005-07-23 21:41:12'),
(50, 1, 321, 2.99, '2005-07-22 23:12:33'),
(55, 2, 322, 4.99, '2005-07-24 01:23:42'),
(60, 1, 323, 0.99, '2005-07-22 03:42:12'),
(65, 2, 324, 3.99, '2005-07-24 05:12:33'),
(70, 1, 325, 2.99, '2005-07-22 07:23:42'),
(75, 2, 326, 4.99, '2005-07-24 09:41:12'),
(80, 1, 327, 0.99, '2005-07-23 11:12:42'),
(85, 2, 328, 6.99, '2005-07-24 13:23:33'),
(90, 1, 329, 2.99, '2005-07-23 15:42:12'),
(95, 2, 330, 4.99, '2005-07-24 17:12:33'),
(100, 1, 331, 0.99, '2005-07-23 19:23:42'),
(3, 2, 332, 2.99, '2005-07-24 21:41:12'),
(8, 1, 333, 4.99, '2005-07-23 23:12:33'),
(13, 2, 334, 0.99, '2005-07-25 01:23:42'),
(18, 1, 335, 5.99, '2005-07-23 03:42:12'),
(23, 2, 336, 4.99, '2005-07-25 05:12:33'),
(28, 1, 337, 0.99, '2005-07-23 07:23:42'),
(33, 2, 338, 2.99, '2005-07-25 09:41:12'),
(38, 1, 339, 4.99, '2005-07-23 11:12:42'),
(43, 2, 340, 0.99, '2005-07-25 13:23:33'),
(48, 1, 341, 8.99, '2005-08-03 15:42:12'),
(53, 2, 342, 2.99, '2005-08-04 17:12:33'),
(58, 1, 343, 4.99, '2005-08-03 19:23:42'),
(63, 2, 344, 0.99, '2005-08-04 21:41:12'),
(68, 1, 345, 2.99, '2005-08-03 23:12:33'),
(73, 2, 346, 4.99, '2005-08-05 01:23:42'),
(78, 1, 347, 0.99, '2005-08-03 03:42:12'),
(83, 2, 348, 5.99, '2005-08-05 05:12:33'),
(88, 1, 349, 4.99, '2005-08-03 07:23:42'),
(93, 2, 350, 0.99, '2005-08-05 09:41:12'),
(98, 1, 351, 2.99, '2005-08-03 11:12:42'),
(2, 2, 352, 4.99, '2005-08-05 13:23:33'),
(7, 1, 353, 0.99, '2005-08-03 15:42:12'),
(12, 2, 354, 7.99, '2005-08-05 17:12:33'),
(17, 1, 355, 2.99, '2005-08-03 19:23:42'),
(22, 2, 356, 4.99, '2005-08-05 21:41:12'),
(27, 1, 357, 0.99, '2005-08-03 23:12:33'),
(32, 2, 358, 3.99, '2005-08-06 01:23:42'),
(37, 1, 359, 2.99, '2005-08-04 03:42:12'),
(42, 2, 360, 4.99, '2005-08-06 05:12:33'),
(47, 1, 361, 0.99, '2005-08-04 07:23:42'),
(52, 2, 362, 6.99, '2005-08-06 09:41:12'),
(57, 1, 363, 4.99, '2005-08-04 11:12:42'),
(62, 2, 364, 0.99, '2005-08-06 13:23:33'),
(67, 1, 365, 2.99, '2005-08-04 15:42:12'),
(72, 2, 366, 4.99, '2005-08-06 17:12:33'),
(77, 1, 367, 0.99, '2005-08-04 19:23:42'),
(82, 2, 368, 2.99, '2005-08-06 21:41:12'),
(87, 1, 369, 4.99, '2005-08-04 23:12:33'),
(92, 2, 370, 0.99, '2005-08-07 01:23:42'),
(97, 1, 371, 5.99, '2005-08-05 03:42:12'),
(1, 2, 372, 4.99, '2005-08-07 05:12:33'),
(6, 1, 373, 0.99, '2005-08-05 07:23:42'),
(11, 2, 374, 2.99, '2005-08-07 09:41:12'),
(16, 1, 375, 4.99, '2005-08-05 11:12:42'),
(21, 2, 376, 0.99, '2005-08-07 13:23:33'),
(26, 1, 377, 8.99, '2005-08-05 15:42:12'),
(31, 2, 378, 2.99, '2005-08-07 17:12:33'),
(36, 1, 379, 4.99, '2005-08-05 19:23:42'),
(41, 2, 380, 0.99, '2005-08-07 21:41:12'),
(46, 1, 381, 2.99, '2005-08-05 23:12:33'),
(51, 2, 382, 4.99, '2005-08-08 01:23:42'),
(56, 1, 383, 0.99, '2005-08-06 03:42:12'),
(61, 2, 384, 5.99, '2005-08-08 05:12:33'),
(66, 1, 385, 4.99, '2005-08-06 07:23:42'),
(71, 2, 386, 0.99, '2005-08-08 09:41:12'),
(76, 1, 387, 2.99, '2005-08-06 11:12:42'),
(81, 2, 388, 4.99, '2005-08-08 13:23:33'),
(86, 1, 389, 0.99, '2005-08-06 15:42:12'),
(91, 2, 390, 7.99, '2005-08-08 17:12:33'),
(96, 1, 391, 2.99, '2005-08-06 19:23:42'),
(99, 2, 392, 4.99, '2005-08-08 21:41:12'),
(4, 1, 393, 0.99, '2005-08-06 23:12:33'),
(9, 2, 394, 3.99, '2005-08-09 01:23:42'),
(14, 1, 395, 2.99, '2005-08-07 03:42:12'),
(19, 2, 396, 4.99, '2005-08-09 05:12:33'),
(24, 1, 397, 0.99, '2005-08-07 07:23:42'),
(29, 2, 398, 6.99, '2005-08-09 09:41:12'),
(34, 1, 399, 4.99, '2005-08-07 11:12:42'),
(39, 2, 400, 0.99, '2005-08-09 13:23:33'),
(44, 1, 401, 2.99, '2005-08-07 15:42:12'),
(49, 2, 402, 4.99, '2005-08-09 17:12:33'),
(54, 1, 403, 0.99, '2005-08-07 19:23:42'),
(59, 2, 404, 2.99, '2005-08-09 21:41:12'),
(64, 1, 405, 4.99, '2005-08-07 23:12:33'),
(69, 2, 406, 0.99, '2005-08-10 01:23:42'),
(74, 1, 407, 5.99, '2005-08-08 03:42:12'),
(79, 2, 408, 4.99, '2005-08-10 05:12:33'),
(84, 1, 409, 0.99, '2005-08-08 07:23:42'),
(89, 2, 410, 2.99, '2005-08-10 09:41:12'),
(94, 1, 411, 4.99, '2005-08-08 11:12:42'),
(99, 2, 412, 0.99, '2005-08-10 13:23:33'),
(2, 1, 413, 8.99, '2005-08-08 15:42:12'),
(7, 2, 414, 2.99, '2005-08-10 17:12:33'),
(12, 1, 415, 4.99, '2005-08-08 19:23:42'),
(17, 2, 416, 0.99, '2005-08-10 21:41:12'),
(22, 1, 417, 3.99, '2005-08-08 23:12:33'),
(27, 2, 418, 4.99, '2005-08-11 01:23:42'),
(32, 1, 419, 0.99, '2005-08-09 03:42:12'),
(37, 2, 420, 2.99, '2005-08-11 05:12:33'),
(42, 1, 421, 4.99, '2005-08-09 07:23:42'),
(47, 2, 422, 0.99, '2005-08-11 09:41:12'),
(52, 1, 423, 6.99, '2005-08-09 11:12:42'),
(57, 2, 424, 2.99, '2005-08-11 13:23:33'),
(62, 1, 425, 4.99, '2005-08-09 15:42:12'),
(67, 2, 426, 0.99, '2005-08-11 17:12:33'),
(72, 1, 427, 5.99, '2005-08-09 19:23:42'),
(77, 2, 428, 4.99, '2005-08-11 21:41:12'),
(82, 1, 429, 0.99, '2005-08-09 23:12:33'),
(87, 2, 430, 2.99, '2005-08-12 01:23:42'),
(92, 1, 431, 4.99, '2005-08-10 03:42:12'),
(97, 2, 432, 0.99, '2005-08-12 05:12:33'),
(100, 1, 433, 7.99, '2005-08-10 07:23:42'),
(3, 2, 434, 2.99, '2005-08-12 09:41:12'),
(8, 1, 435, 4.99, '2005-08-10 11:12:42'),
(13, 2, 436, 0.99, '2005-08-12 13:23:33'),
(18, 1, 437, 3.99, '2005-08-10 15:42:12'),
(23, 2, 438, 4.99, '2005-08-12 17:12:33'),
(28, 1, 439, 0.99, '2005-08-10 19:23:42'),
(33, 2, 440, 6.99, '2005-08-12 21:41:12'),
(38, 1, 441, 2.99, '2005-08-10 23:12:33'),
(43, 2, 442, 4.99, '2005-08-13 01:23:42'),
(48, 1, 443, 0.99, '2005-08-11 03:42:12'),
(53, 2, 444, 2.99, '2005-08-13 05:12:33'),
(58, 1, 445, 4.99, '2005-08-11 07:23:42'),
(63, 2, 446, 0.99, '2005-08-13 09:41:12'),
(68, 1, 447, 5.99, '2005-08-11 11:12:42'),
(73, 2, 448, 4.99, '2005-08-13 13:23:33'),
(78, 1, 449, 0.99, '2005-08-11 15:42:12'),
(83, 2, 450, 2.99, '2005-08-13 17:12:33'),
(88, 1, 451, 4.99, '2005-08-11 19:23:42'),
(93, 2, 452, 0.99, '2005-08-13 21:41:12'),
(98, 1, 453, 8.99, '2005-08-11 23:12:33'),
(2, 2, 454, 2.99, '2005-08-14 01:23:42'),
(7, 1, 455, 4.99, '2005-08-12 03:42:12'),
(12, 2, 456, 0.99, '2005-08-14 05:12:33'),
(17, 1, 457, 3.99, '2005-08-12 07:23:42'),
(22, 2, 458, 4.99, '2005-08-14 09:41:12'),
(27, 1, 459, 0.99, '2005-08-12 11:12:42'),
(32, 2, 460, 2.99, '2005-08-14 13:23:33'),
(37, 1, 461, 4.99, '2005-08-12 15:42:12'),
(42, 2, 462, 0.99, '2005-08-14 17:12:33'),
(47, 1, 463, 5.99, '2005-08-12 19:23:42'),
(52, 2, 464, 4.99, '2005-08-14 21:41:12'),
(57, 1, 465, 0.99, '2005-08-12 23:12:33'),
(62, 2, 466, 7.99, '2005-08-15 01:23:42'),
(67, 1, 467, 2.99, '2005-08-13 03:42:12'),
(72, 2, 468, 4.99, '2005-08-15 05:12:33'),
(77, 1, 469, 0.99, '2005-08-13 07:23:42'),
(82, 2, 470, 6.99, '2005-08-15 09:41:12'),
(87, 1, 471, 4.99, '2005-08-13 11:12:42'),
(92, 2, 472, 0.99, '2005-08-15 13:23:33'),
(97, 1, 473, 2.99, '2005-08-13 15:42:12'),
(1, 2, 474, 4.99, '2005-08-15 17:12:33'),
(6, 1, 475, 0.99, '2005-08-13 19:23:42'),
(11, 2, 476, 2.99, '2005-08-15 21:41:12'),
(16, 1, 477, 4.99, '2005-08-13 23:12:33'),
(21, 2, 478, 0.99, '2005-08-16 01:23:42'),
(26, 1, 479, 3.99, '2005-08-14 03:42:12'),
(31, 2, 480, 4.99, '2005-08-16 05:12:33'),
(36, 1, 481, 0.99, '2005-08-14 07:23:42'),
(41, 2, 482, 2.99, '2005-08-16 09:41:12'),
(46, 1, 483, 4.99, '2005-08-14 11:12:42'),
(51, 2, 484, 0.99, '2005-08-16 13:23:33'),
(56, 1, 485, 5.99, '2005-08-14 15:42:12'),
(61, 2, 486, 4.99, '2005-08-16 17:12:33'),
(66, 1, 487, 0.99, '2005-08-14 19:23:42'),
(71, 2, 488, 2.99, '2005-08-16 21:41:12'),
(76, 1, 489, 4.99, '2005-08-14 23:12:33'),
(81, 2, 490, 0.99, '2005-08-17 01:23:42'),
(86, 1, 491, 8.99, '2005-08-15 03:42:12'),
(91, 2, 492, 2.99, '2005-08-17 05:12:33'),
(96, 1, 493, 4.99, '2005-08-15 07:23:42'),
(99, 2, 494, 0.99, '2005-08-17 09:41:12'),
(4, 1, 495, 2.99, '2005-08-15 11:12:42'),
(9, 2, 496, 4.99, '2005-08-17 13:23:33'),
(14, 1, 497, 0.99, '2005-08-15 15:42:12'),
(19, 2, 498, 5.99, '2005-08-17 17:12:33'),
(24, 1, 499, 4.99, '2005-08-15 19:23:42'),
(29, 2, 500, 0.99, '2005-08-17 21:41:12');
